Date,IDR,IEE,NLE,DKK,MYR,COP,PEN,NOK,NZD,ZAR,CLP,CAD,AUD,MXN,BRL,RUB,DXY
2025-02-01,16370,0.971628449,0.971628449,7.2462,4.467,4135,3.71,11.2301,1.775883502,18.4776,961,1.4339,1.597188947,20.6413,5.7874,96.6205,129.0413
2025-01-01,16295,0.965064659,0.965064659,7.2015,4.45,4202.5,3.727,11.3174,1.77430802,18.6513,980.38,1.4524,1.610046691,20.678,5.841,98.5705,127.814
2024-12-01,16090,0.965903603,0.965903603,7.2022,4.468,4401.96,3.7539,11.3657,1.787949222,18.8506,992.6,1.438,1.616292226,20.8197,6.1778,113.4955,126.5329
2024-11-01,15840,0.945626478,0.945626478,7.0511,4.44,4432.5,3.738,11.0181,1.690617075,18.0503,973.15,1.4002,1.53609831,20.361,5.973,106.4955,123.831
2024-10-01,15690,0.918864284,0.918864284,6.8526,4.375,4425.07,3.773,10.9922,1.673360107,17.5589,961.12,1.3933,1.519525908,20.012,5.7867,97.3705,122.1296
2024-09-01,15135,0.898149811,0.898149811,6.6942,4.121,4205.97,3.6893,10.5442,1.575299307,17.2574,898.6,1.3524,1.446549978,19.678,5.4482,92.9955,122.8802
2024-08-01,15450,0.905223138,0.905223138,6.7503,4.318,4186.5,3.748,10.5944,1.600256041,17.8217,912.77,1.3493,1.478415139,19.71,5.6103,90.6455,123.7208
2024-07-01,16255,0.923787529,0.923787529,6.8921,4.592,4047.59,3.7202,10.8894,1.681237391,18.1976,942.5,1.3808,1.529051988,18.6,5.65,86.15,124.0309
2024-06-01,16370,0.933445347,0.933445347,6.9599,4.715,4148.65,3.826,10.6642,1.64365549,18.185,940.45,1.3677,1.499925004,18.33,5.5925,85.7455,122.2444
2024-05-01,16245,0.922424131,0.922424131,6.8746,4.704,3855.16,3.7094,10.4669,1.628134158,18.8079,918.28,1.3626,1.503307276,16.993,5.2443,90.3755,122.5142
2024-04-01,16255,0.937646507,0.937646507,6.9928,4.77,3920.5,3.7519,11.1033,1.698946653,18.7556,959.04,1.3777,1.545117429,17.1355,5.1934,93.4455,121.0413
2024-03-01,15850,0.926526452,0.926526452,6.91,4.7225,3857,3.713,10.8158,1.673080141,18.9214,978.97,1.3537,1.533507131,16.531,5.0153,92.5705,121.4155
2024-02-01,15710,0.925668796,0.925668796,6.8973,4.742,3920.51,3.7665,10.6024,1.642845408,19.2061,965.38,1.3575,1.539645881,17.049,4.9716,91.4955,120.5769
2024-01-01,15775,0.924556213,0.924556213,6.8895,4.727,3895.5,3.7879,10.5042,1.635590448,18.6739,929,1.3434,1.523229246,17.212,4.9526,89.9455,120.1585
2023-12-01,15395,0.906125408,0.906125408,6.7542,4.59,3872.59,3.704,10.1351,1.581527756,18.2822,880.58,1.3245,1.468428781,16.954,4.8521,89.2455,121.5369
2023-11-01,15505,0.91861106,0.91861106,6.8473,4.657,4007.57,3.7226,10.8103,1.625223468,18.8524,869.95,1.3562,1.514004542,17.3784,4.9205,89.9705,123.7914
2023-10-01,15880,0.945537065,0.945537065,7.0563,4.762,4115.5,3.8241,11.1701,1.716738197,18.6424,894.55,1.3874,1.578282828,18.037,5.035,93.5955,121.9827
2023-09-01,15450,0.946073794,0.946073794,7.0518,4.6935,4075,3.7811,10.6829,1.668056714,18.9152,890.7,1.3577,1.554243084,17.397,5.032,97,120.2177
2023-08-01,15225,0.922424131,0.922424131,6.8728,4.637,4087.55,3.6755,10.6314,1.676727029,18.8706,851.8,1.3507,1.542495758,17.027,4.9544,94.875,118.4119
2023-07-01,15075,0.90966979,0.90966979,6.7755,4.507,3919.5,3.5873,10.128,1.610824742,17.8504,838.45,1.3187,1.488095238,16.728,4.7241,91.7455,119.5789
2023-06-01,14990,0.916590284,0.916590284,6.8219,4.665,4172.5,3.6102,10.7164,1.63291966,18.8263,800.93,1.3236,1.500150015,17.1135,4.786,86.95,119.7956
2023-05-01,14985,0.935628743,0.935628743,6.966,4.613,4448.5,3.6561,11.0837,1.660853679,19.7248,808.3,1.3572,1.538461538,17.6819,5.0574,81.5455,119.3744
2023-04-01,14665,0.907441016,0.907441016,6.7649,4.458,4695.5,3.7044,10.6304,1.617337862,18.2688,806.36,1.355,1.513546239,17.98,4.9865,79.45,120.8071
2023-03-01,14990,0.922594335,0.922594335,6.8705,4.41,4651.5,3.7613,10.4598,1.598210005,17.7803,794.44,1.3515,1.495886313,18.0099,5.0631,77.9955,120.3366
2023-02-01,15245,0.945537065,0.945537065,7.0368,4.485,4856.68,3.7774,10.3772,1.617599482,18.3487,827.47,1.3645,1.486325803,18.301,5.2367,75.0455,119.8133
2023-01-01,14985,0.920640766,0.920640766,6.8467,4.263,4667.72,3.8276,9.9789,1.553036186,17.3985,795.48,1.3305,1.417635384,18.82,5.0731,70.57,122.2476
2022-12-01,15565,0.934404784,0.934404784,6.9467,4.4,4847,3.803,9.7965,1.575299307,17.0044,847.8,1.3549,1.467782181,19.474,5.286,72.5,124.8627
2022-11-01,15730,0.961076406,0.961076406,7.1459,4.443,4827,3.8175,9.8382,1.588814744,17.1713,888.85,1.3409,1.473622163,19.251,5.1851,60.5,127.4828
2022-10-01,15595,1.011838511,1.011838511,7.5328,4.726,4929.35,3.9569,10.3835,1.720282126,18.2903,943.05,1.3622,1.563232765,19.794,5.1791,61.05,125.5999
2022-09-01,15225,1.020512297,1.020512297,7.5838,4.635,4604.13,3.9747,10.8821,1.787629603,18.1462,966.63,1.3826,1.562011871,20.14,5.4154,59.2,122.3262
2022-08-01,14840,0.994332306,0.994332306,7.3966,4.474,4423,3.8323,9.9145,1.634253963,17.1069,896.5,1.3127,1.462202076,20.1348,5.1831,59,122.7609
2022-07-01,14830,0.978665101,0.978665101,7.2789,4.448,4277.6,3.9161,9.6555,1.590330789,16.6389,899.5,1.2793,1.431639227,20.35,5.1734,59.75,120.0269
2022-06-01,14895,0.954016409,0.954016409,7.0929,4.406,4141.97,3.8144,9.842,1.602307323,16.272,916.3,1.2872,1.449065353,20.089,5.2562,52.5,119.6926
2022-05-01,14580,0.931705954,0.931705954,6.93,4.377,3760.6,3.71,9.383,1.535390757,15.6258,823.38,1.2644,1.394116827,19.6525,4.7315,60.25,117.1702
2022-04-01,14495,0.948676596,0.948676596,7.0554,4.352,3950.95,3.835,9.3675,1.548946716,15.8079,851.13,1.2856,1.415828968,20.411,4.9721,70.2,116.2984
2022-03-01,14368,0.903750565,0.903750565,6.7212,4.203,3767.82,3.676,8.7863,1.442169022,14.6038,785.88,1.2499,1.336898396,19.845,4.739,79.25,115.0057
2022-02-01,14365,0.89134504,0.89134504,6.6291,4.196,3933.01,3.773,8.8166,1.479508803,15.3614,798,1.2675,1.377031121,20.461,5.1599,101.04,115.0507
2022-01-01,14380,0.890234132,0.890234132,6.6231,4.184,3941.41,3.837,8.8941,1.5211439,15.3808,799.9,1.2705,1.415628539,20.625,5.3041,77.248,115.8172
2021-12-01,14250,0.87966221,0.87966221,6.5405,4.164,4065.41,3.9852,8.8067,1.465416178,15.9921,851.1,1.2634,1.377410468,20.487,5.5703,74.5607,115.0036
2021-11-01,14320,0.882145378,0.882145378,6.5585,4.2,3992.2,4.0538,9.0332,1.466060695,15.8735,826.7,1.2776,1.40390285,21.4368,5.6239,73.8449,114.0758
2021-10-01,14165,0.864977078,0.864977078,6.4333,4.139,3757.53,3.9865,8.4419,1.39586823,15.2038,813.2,1.2387,1.329610424,20.545,5.6372,70.8625,113.4532
2021-09-01,14310,0.863483292,0.863483292,6.4226,4.185,3805.33,4.1208,8.7454,1.449905756,15.0884,810.53,1.2678,1.383891503,20.63,5.4428,72.5775,113.4124
2021-08-01,14265,0.846955196,0.846955196,6.2977,4.155,3766.68,4.0766,8.692,1.419647927,14.5112,772.63,1.2614,1.367053999,20.063,5.1492,73.1175,113.0721
2021-07-01,14460,0.842459983,0.842459983,6.266,4.218,3874,4.0584,8.813,1.433897333,14.5622,756.2,1.247,1.361655773,19.855,5.2123,73.0725,111.5888
2021-06-01,14495,0.843525938,0.843525938,6.2713,4.15,3747,3.8397,8.6008,1.432254368,14.2676,731.7,1.2394,1.333688984,19.931,4.9686,72.975,111.2252
2021-05-01,14275,0.81799591,0.81799591,6.0818,4.122,3705.75,3.8271,8.3258,1.375894331,13.7183,722.43,1.2062,1.292991983,19.9461,5.2172,73.25,112.6426
2021-04-01,14440,0.832085206,0.832085206,6.1854,4.093,3751.43,3.7764,8.3147,1.396648045,14.4938,710.3,1.2289,1.296008294,20.226,5.4366,75.16,113.3497
2021-03-01,14520,0.8526603,0.8526603,6.3392,4.145,3658.95,3.7427,8.5492,1.432049262,14.7665,720.2,1.2558,1.316482359,20.422,5.6315,75.591,112.0275
2021-02-01,14240,0.82822594,0.82822594,6.1589,4.052,3644.5,3.6477,8.652,1.382552191,15.0926,723.51,1.2739,1.297858533,20.848,5.5986,74.156,111.4953
2021-01-01,14020,0.823994726,0.823994726,6.1271,4.04,3567.63,3.636,8.5345,1.390820584,15.1575,734.59,1.2777,1.308557969,20.5855,5.4625,75.75,111.9051
2020-12-01,14040,0.81879964,0.81879964,6.0924,4.02,3414.5,3.619,8.5779,1.391788448,14.6878,709.75,1.273,1.299714063,19.871,5.1937,73.79,114.1033
2020-11-01,14090,0.838363514,0.838363514,6.2396,4.073,3594.25,3.6058,8.8936,1.424298533,15.4662,760.7,1.3,1.361470388,20.166,5.3319,76.3282,115.7882
2020-10-01,14620,0.858590195,0.858590195,6.3913,4.151,3868.85,3.6135,9.5347,1.511487304,16.2438,773.05,1.3317,1.423284942,21.171,5.7446,79.354,116.3534
2020-09-01,14840,0.85338795,0.85338795,6.351,4.153,3825.25,3.6017,9.33,1.512859304,16.7339,784.77,1.3319,1.396453009,22.099,5.6112,77.5275,116.9576
2020-08-01,14560,0.837801609,0.837801609,6.235,4.163,3739.71,3.5418,8.7194,1.485442662,16.9361,776.21,1.3045,1.355932203,21.8785,5.4914,73.8085,118.7004
2020-07-01,14530,0.84932903,0.84932903,6.3226,4.237,3731.33,3.5317,9.086,1.507840772,17.0088,756.43,1.3413,1.40016802,22.2714,5.224,74.22,119.6845
2020-06-01,14180,0.890392663,0.890392663,6.633,4.282,3748.32,3.5407,9.615,1.549907006,17.321,822.9,1.3573,1.448855404,22.9889,5.4661,71.0825,122.6238
2020-05-01,14575,0.901063255,0.901063255,6.7107,4.345,3726,3.429,9.6995,1.612643122,17.5405,798.4,1.3769,1.500150015,22.1675,5.3361,70.1425,123.2894
2020-04-01,14825,0.912825194,0.912825194,6.8121,4.293,3952.58,3.372,10.2414,1.63291966,18.5166,833.4,1.3941,1.53609831,24.151,5.4858,74.29,121.0285
2020-03-01,16300,0.906700517,0.906700517,6.7655,4.313,4059,3.4307,10.4003,1.679543164,17.8402,854.23,1.4059,1.62999185,23.714,5.2046,78.419,116.7095
2020-02-01,14340,0.907029478,0.907029478,6.775,4.211,3523,3.4529,9.3945,1.599744041,15.6619,817.21,1.3396,1.536334306,19.611,4.4733,66.7027,115.2786
2020-01-01,13650,0.901469395,0.901469395,6.7356,4.095,3417,3.384,9.1991,1.547508511,14.9958,799.33,1.3235,1.494544911,18.8353,4.282,63.9512,115.9107
2019-12-01,13880,0.89206066,0.89206066,6.662,4.089,3285.23,3.311,8.7784,1.48456057,13.9937,751.5,1.2986,1.424298533,18.925,4.019,61.9191,116.5605
2019-11-01,14100,0.907852928,0.907852928,6.7808,4.175,3515.5,3.4009,9.2187,1.557632399,14.6385,803.12,1.3275,1.478415139,19.562,4.2364,64.354,116.7479
2019-10-01,14032,0.896860987,0.896860987,6.6987,4.1775,3377,3.344,9.1906,1.559819061,15.093,740.6,1.3159,1.450747135,19.228,4.0174,64.1517,117.3256
2019-09-01,14190,0.91759956,0.91759956,6.8493,4.185,3476.75,3.369,9.0935,1.597188947,15.133,728.3,1.3239,1.481700993,19.7275,4.1551,64.8139,117.102
2019-08-01,14180,0.91000091,0.91000091,6.7835,4.203,3439.65,3.39,9.1169,1.58579131,15.18,720.8,1.331,1.48456057,20.0575,4.1445,66.667,115.0785
2019-07-01,14012,0.903016074,0.903016074,6.7415,4.125,3278.43,3.302,8.8643,1.525320317,14.3364,703.4,1.3189,1.46113384,19.1265,3.8125,63.6413,115.4279
2019-06-01,14125,0.87966221,0.87966221,6.5638,4.13,3211,3.2845,8.5313,1.488759863,14.0733,677.15,1.309,1.424501425,19.2162,3.8518,63.2525,115.957
2019-05-01,14270,0.895495657,0.895495657,6.6864,4.189,3375,3.3776,8.7532,1.530456076,14.58,709.46,1.3512,1.441337561,19.612,3.9218,65.408,114.9024
2019-04-01,14245,0.891662951,0.891662951,6.6577,4.132,3231.25,3.3012,8.6277,1.498576352,14.2935,677.34,1.3386,1.418842225,18.9402,3.9207,64.583,114.7823
2019-03-01,14235,0.891503967,0.891503967,6.6545,4.08,3186.03,3.315,8.6216,1.470155837,14.4825,680.05,1.3344,1.409641951,19.4215,3.9238,65.67,114.4106
2019-02-01,14060,0.879507476,0.879507476,6.5611,4.065,3080.25,3.2987,8.5606,1.469291801,14.0797,655.5,1.3166,1.409641951,19.2775,3.7511,65.955,114.4403
2019-01-01,13970,0.873820343,0.873820343,6.5212,4.094,3103.25,3.3309,8.4301,1.445922499,13.2477,655.41,1.3122,1.375137514,19.1058,3.6439,65.339,116.2111
2018-12-01,14375,0.871915599,0.871915599,6.5107,4.13,3245,3.368,8.6387,1.488759863,14.3473,692.85,1.3637,1.418640942,19.6403,3.8804,69.68,116.1678
2018-11-01,14300,0.883782589,0.883782589,6.5932,4.182,3232.5,3.3786,8.5906,1.453911021,13.8592,671.37,1.3293,1.367053999,20.396,3.8662,67.06,114.8301
2018-10-01,15200,0.884173298,0.884173298,6.5953,4.183,3215.13,3.3668,8.4342,1.534919417,14.7848,695.66,1.3152,1.41382723,20.3295,3.7218,65.865,114.0783
2018-09-01,14900,0.861474845,0.861474845,6.4263,4.137,2959.8,3.2995,8.1448,1.511487304,14.1398,657.49,1.2904,1.383508578,18.708,4.0477,65.5748,113.8309
2018-08-01,14725,0.862143288,0.862143288,6.4253,4.108,3046.25,3.3005,8.3853,1.511030523,14.68,681.05,1.3037,1.390820584,19.08,4.0545,67.4715,113.0594
2018-07-01,14415,0.855358823,0.855358823,6.3727,4.063,2888.1,3.2671,8.1544,1.467351431,13.27,637.12,1.3005,1.346619984,18.643,3.7557,62.496,112.8435
2018-06-01,14325,0.855944535,0.855944535,6.3763,4.038,2929.25,3.2802,8.142,1.478415139,13.7225,653.71,1.313,1.35098622,19.909,3.8765,62.7855,111.046
2018-05-01,13890,0.855431993,0.855431993,6.3642,3.978,2889.7,3.271,8.1772,1.429183936,12.695,630.39,1.2956,1.321527686,19.908,3.7225,62.3496,107.9428
2018-04-01,13910,0.828020204,0.828020204,6.1677,3.92,2804,3.2482,8.0139,1.421666193,12.4638,613.18,1.2838,1.327844908,18.7125,3.5066,62.9362,107.9473
2018-03-01,13760,0.811622433,0.811622433,6.0479,3.862,2790,3.226,7.8478,1.382361073,11.831,603.4,1.2891,1.302422506,18.15,3.3046,57.121,107.65
2018-02-01,13740,0.820142705,0.820142705,6.106,3.915,2865.5,3.2648,7.9001,1.386962552,11.7883,594.74,1.283,1.288493751,18.8305,3.2458,56.3404,108.3567
2018-01-01,13387,0.805152979,0.805152979,5.9947,3.8995,2829.4,3.214,7.7105,1.358142062,11.8575,602.15,1.2313,1.241619071,18.5905,3.1858,56.1872,110.8758
2017-12-01,13565,0.833611204,0.833611204,6.2041,4.044,2982,3.237,8.207,1.411233418,12.3574,614.65,1.2577,1.281886938,19.648,3.3121,57.6575,111.1635
2017-11-01,13524,0.840194925,0.840194925,6.2515,4.0875,3011.99,3.2295,8.3177,1.464128843,13.691,647,1.2894,1.321702353,18.629,3.2726,58.4446,110.8892
2017-10-01,13560,0.858811405,0.858811405,6.3892,4.2315,3041,3.249,8.1666,1.46092038,14.1239,635.95,1.2884,1.306335728,19.147,3.2724,58.312,108.8542
2017-09-01,13470,0.846596681,0.846596681,6.2979,4.219,2932.65,3.2609,7.959,1.387925052,13.5461,639.5,1.2467,1.27665007,18.25,3.1614,57.507,109.9059
2017-08-01,13342,0.839771582,0.839771582,6.2442,4.269,2947.1,3.2342,7.7598,1.393145723,12.9902,624.7,1.248,1.25849484,17.882,3.1474,57.994,111.0606
2017-07-01,13324,0.844594595,0.844594595,6.2793,4.28,2984,3.24,7.8616,1.331026221,13.1653,649.1,1.2477,1.249687578,17.7917,3.1259,59.768,112.7603
2017-06-01,13325,0.875426771,0.875426771,6.5075,4.291,3041.58,3.2467,8.3454,1.363884343,13.0476,664.43,1.2962,1.301066875,18.1228,3.3063,58.9206,114.2591
2017-05-01,13321,0.889600569,0.889600569,6.6151,4.279,2916,3.269,8.4338,1.4120305,13.1015,672.85,1.3499,1.346076188,18.6192,3.2262,56.602,114.7698
2017-04-01,13327,0.917852226,0.917852226,6.8267,4.339,2938.31,3.2436,8.5816,1.456452083,13.3618,666.43,1.365,1.336183859,18.81,3.1758,56.9167,115.6558
2017-03-01,13323,0.93905531,0.93905531,6.981,4.424,2873.11,3.2448,8.5949,1.427551749,13.4197,659.21,1.3311,1.310959622,18.72,3.123,56.2355,116.1204
2017-02-01,13331,0.945626478,0.945626478,7.0282,4.438,2923.7,3.263,8.3922,1.390820584,13.1149,650.18,1.3299,1.305994515,20.1,3.1086,58.2986,117.7858
2017-01-01,13347,0.926354794,0.926354794,6.8862,4.428,2918.5,3.2672,8.241,1.368738024,13.4601,647.85,1.3028,1.318739285,20.832,3.1507,60.097,117.9048
2016-12-01,13470,0.951203272,0.951203272,7.0638,4.4845,3001.5,3.355,8.637,1.440714594,13.7311,669.29,1.343,1.386001386,20.715,3.2532,61.263,116.1075
2016-11-01,13550,0.944733113,0.944733113,7.0255,4.464,3074,3.4096,8.5185,1.412229911,14.08,675.49,1.3433,1.354646437,20.567,3.3827,64.077,113.4747
2016-10-01,13047,0.910829766,0.910829766,6.7728,4.19,3003,3.359,8.2556,1.398992725,13.46,652.4,1.3408,1.314233145,18.859,3.1878,63.3155,112.3169
2016-09-01,13047,0.889838049,0.889838049,6.6225,4.132,2882.35,3.3815,7.9838,1.373437715,13.71,657.55,1.3127,1.306506402,19.375,3.2589,62.8705,111.4384
2016-08-01,13265,0.89637863,0.89637863,6.6701,4.048,2971.1,3.3905,8.3227,1.379690949,14.73,680.09,1.3104,1.330849082,18.7801,3.2266,65.3545,112.4773
2016-07-01,13097,0.895255148,0.895255148,6.6567,4.067,3066.93,3.3471,8.4471,1.388503194,13.875,654.84,1.3028,1.316655695,18.7465,3.2471,65.9755,111.5596
2016-06-01,13210,0.900576369,0.900576369,6.6955,4.025,2919.15,3.2831,8.3611,1.402524544,14.68,661.5,1.2923,1.342281879,18.268,3.2126,63.7495,111.1405
2016-05-01,13655,0.898553329,0.898553329,6.6812,4.123,3089.7,3.3719,8.3779,1.479946722,15.7081,692.07,1.3092,1.383317195,18.4664,3.6105,66.7558,110.0171
2016-04-01,13180,0.873057447,0.873057447,6.4999,3.903,2846.05,3.2759,8.0399,1.434102969,14.2295,660.6,1.2551,1.315443304,17.17,3.4352,64.6905,111.8934
2016-03-01,13255,0.878889084,0.878889084,6.5476,3.9,2999.51,3.31,8.2599,1.448645516,14.7637,669.9,1.3004,1.306506402,17.2786,3.5925,66.9688,114.2817
2016-02-01,13367,0.919878576,0.919878576,6.8597,4.2,3290.23,3.5185,8.6859,1.517911354,15.8565,696.1,1.3538,1.400952648,18.125,4.0156,75.2506,115.2344
2016-01-01,13770,0.923020122,0.923020122,6.8873,4.15,3278.92,3.4684,8.6742,1.545833977,15.871,712.8,1.3971,1.4120305,18.1,3.9973,75.4626,112.7857
2015-12-01,13785,0.920810313,0.920810313,6.8718,4.29,3169.5,3.4068,8.8398,1.465201465,15.4615,707.85,1.3839,1.374570447,17.17,3.9593,72.9495,111.6916
2015-11-01,13830,0.946700748,0.946700748,7.0615,4.256,3143.6,3.3613,8.6952,1.519756839,14.4479,710.47,1.3362,1.383891503,16.5715,3.8675,66.3,109.9036
2015-10-01,13675,0.908677874,0.908677874,6.7766,4.292,2895.86,3.2701,8.482,1.476886723,13.8185,691.2,1.3076,1.401148942,16.492,3.8562,64,110.8513
2015-09-01,14645,0.894774517,0.894774517,6.6748,4.394,3086.81,3.2223,8.5135,1.564210856,13.8406,696.2,1.3312,1.425110446,16.9173,3.9478,65.3218,109.9768
2015-08-01,14045,0.89198109,0.89198109,6.6572,4.192,3054.2,3.236,8.2771,1.578781181,13.261,692.57,1.3135,1.406469761,16.7502,3.6187,63.843,108.1236
2015-07-01,13525,0.91016656,0.91016656,6.7934,3.8156,2879,3.1762,8.1722,1.519295047,12.671,674,1.3086,1.369487812,16.1077,3.4204,61.726,106.179
2015-06-01,13330,0.898069151,0.898069151,6.6975,3.772,2604.73,3.1666,7.8419,1.478852411,12.1649,638.92,1.2491,1.298026999,15.7374,3.102,55.3,105.4065
2015-05-01,13223,0.91016656,0.91016656,6.7875,3.664,2530,3.1434,7.7684,1.408450704,12.1531,617.6,1.2445,1.309586171,15.374,3.1788,52.355,106.3523
2015-04-01,12960,0.891106755,0.891106755,6.6518,3.56,2381,3.121,7.5302,1.313370108,11.909,611,1.2075,1.26630366,15.3433,3.014,51.565,107.3647
2015-03-01,13070,0.931966449,0.931966449,6.9617,3.702,2599,3.0832,8.0587,1.339046599,12.1255,624,1.2686,1.314924392,15.2588,3.1947,58.205,105.1685
2015-02-01,12920,0.893415528,0.893415528,6.6675,3.61,2499.5,3.093,7.6618,1.322751323,11.663,616.97,1.2506,1.280573697,14.946,2.838,61.53,103.7607
2015-01-01,12665,0.886053518,0.886053518,6.5844,3.629,2439,3.061,7.7239,1.377790025,11.6435,632.83,1.273,1.287664177,14.984,2.6814,69.0825,101.4441
2014-12-01,12380,0.826651236,0.826651236,6.1547,3.495,2388,2.979,7.472,1.282544568,11.566,606.4,1.1618,1.224289912,14.744,2.657,58.047,99.1147
2014-11-01,12199,0.803212851,0.803212851,5.9778,3.381,2216.5,2.922,7.0277,1.274047649,11.076,607.94,1.1413,1.175226231,13.9355,2.5651,50.38,97.4396
2014-10-01,12080,0.798466943,0.798466943,5.9423,3.2895,2057,2.922,6.7518,1.285347044,11.0345,574.82,1.1265,1.137138958,13.4755,2.4779,43.0075,96.1209
2014-09-01,12180,0.791702953,0.791702953,5.8926,3.279,2024.9,2.886,6.4227,1.280901755,11.2805,597.8,1.1196,1.143510577,13.4245,2.4449,39.5936,94.5808
2014-08-01,11685,0.761498629,0.761498629,5.6715,3.15,1920.25,2.844,6.194,1.196315349,10.6595,586.26,1.0875,1.071466838,13.0851,2.2355,37.0475,93.6039
2014-07-01,11575,0.746937556,0.746937556,5.5677,3.196,1876.16,2.7995,6.2845,1.177024482,10.702,571.98,1.0904,1.07584723,13.2164,2.2634,35.7191,93.8274
2014-06-01,11845,0.730406837,0.730406837,5.4449,3.2095,1878.75,2.797,6.1296,1.142074006,10.634,552.3,1.0667,1.060445387,12.9654,2.2137,33.9779,93.67
2014-05-01,11670,0.733675715,0.733675715,5.4737,3.215,1896,2.763,5.9689,1.17688596,10.566,549.28,1.0841,1.074229241,12.8557,2.2403,34.915,93.9956
2014-04-01,11558,0.721188519,0.721188519,5.3808,3.261,1935,2.807,5.9486,1.161035644,10.473,563.95,1.0958,1.077237962,13.0761,2.232,35.622,94.4408
2014-03-01,11355,0.726216412,0.726216412,5.4219,3.263,1971.37,2.8088,5.988,1.153003574,10.5225,548.22,1.1048,1.079680415,13.0577,2.2714,35.0325,94.6456
2014-02-01,11604,0.724532676,0.724532676,5.4063,3.276,2042.5,2.7955,6.0023,1.192037192,10.7565,558.65,1.1064,1.120322653,13.238,2.3381,36.045,94.4648
2014-01-01,12205,0.741564702,0.741564702,5.5302,3.345,2015.04,2.818,6.2767,1.23685838,11.109,555.27,1.1126,1.14246544,13.3525,2.4122,35.1662,93.534
2013-12-01,12160,0.727537286,0.727537286,5.4262,3.277,1929,2.793,6.0663,1.218620522,10.447,525.3,1.062,1.121956692,13.0315,2.3618,32.89,93.3737
2013-11-01,11955,0.735889322,0.735889322,5.4881,3.223,1931.5,2.8,6.1257,1.230769231,10.155,532.77,1.0614,1.097694841,13.094,2.3355,33.1388,92.4993
2013-10-01,11265,0.736268591,0.736268591,5.4881,3.155,1892,2.7735,5.9396,1.210653753,9.9999,512.15,1.0428,1.057305984,13.013,2.239,32.079,93.4706
2013-09-01,11570,0.739426205,0.739426205,5.5114,3.256,1906,2.7825,6.0103,1.206854936,10.0205,504.97,1.0308,1.073883162,13.089,2.2156,32.379,93.7149
2013-08-01,10910,0.756429652,0.756429652,5.6402,3.285,1932.33,2.8065,6.1113,1.295504599,10.23,510.1,1.0534,1.124100719,13.3705,2.3859,33.258,93.8724
2013-07-01,10270,0.751879699,0.751879699,5.6037,3.245,1895,2.794,5.8893,1.252818842,9.818,513.5,1.0275,1.113585746,12.7275,2.2764,32.955,93.2836
2013-06-01,9920,0.768757688,0.768757688,5.7316,3.158,1920.35,2.7795,6.067,1.291822762,9.83,507.3,1.0518,1.094570928,12.936,2.2315,32.8305,92.529
2013-05-01,9790,0.769526741,0.769526741,5.7359,3.0975,1901.7,2.741,5.8671,1.260398286,10.043,499.7,1.0375,1.044932079,12.798,2.1418,31.9175,92.0478
2013-04-01,9720,0.759532128,0.759532128,5.661,3.0415,1824.49,2.641,5.7676,1.169727454,8.9653,470.8,1.0071,0.964413155,12.132,2.001,31.123,92.4132
2013-03-01,9715,0.78015291,0.78015291,5.8147,3.092,1819,2.5885,5.8443,1.194457716,9.2175,471.4,1.0172,0.959969281,12.31,2.0235,31.0725,91.5509
2013-02-01,9660,0.765931373,0.765931373,5.7101,3.091,1811.9,2.5785,5.7348,1.213003396,8.975,472.75,1.0303,0.97924011,12.7761,1.9795,30.645,90.8255
2013-01-01,9690,0.736485491,0.736485491,5.4929,3.105,1775.31,2.582,5.4652,1.19232145,8.9528,470.85,0.9969,0.959508732,12.705,1.9902,30.025,90.8804
2012-12-01,9630,0.757920267,0.757920267,5.6512,3.057,1766,2.55,5.563,1.207292044,8.4512,478.26,0.9921,0.962186087,12.8642,2.0475,30.5525,91.4751
2012-11-01,9588,0.770178681,0.770178681,5.7432,3.039,1814.6,2.5765,5.6651,1.219512195,8.8854,480.5,0.9942,0.95914061,12.945,2.135,30.8617,90.7566
2012-10-01,9600,0.771724031,0.771724031,5.754,3.0445,1831.53,2.589,5.7003,1.216397032,8.6692,480.7,0.9991,0.964041261,13.0974,2.0306,31.3375,90.9802
2012-09-01,9565,0.777725929,0.777725929,5.7955,3.055,1799.4,2.595,5.72,1.205254911,8.3047,474.25,0.9835,0.963669654,12.8563,2.0255,31.18,92.5283
2012-08-01,9530,0.795228628,0.795228628,5.924,3.123,1823.62,2.609,5.7973,1.24501992,8.395,479.82,0.9862,0.968992248,13.1889,2.028,32.245,93.4062
2012-07-01,9440,0.812809884,0.812809884,6.0462,3.123,1791.1,2.6235,6.0242,1.23685838,8.2088,482.3,1.0028,0.952380952,13.3245,2.0563,32.1986,93.8809
2012-06-01,9385,0.79001422,0.79001422,5.8708,3.168,1781.73,2.663,5.953,1.248907206,8.16,500.3,1.0165,0.977230529,13.3526,2.0092,32.39,92.4928
2012-05-01,9390,0.809323406,0.809323406,6.0103,3.17,1827.4,2.705,6.117,1.328550551,8.503,516.25,1.0331,1.028066207,14.3696,2.0221,33.3863,90.8156
2012-04-01,9188,0.755287009,0.755287009,5.6173,3.0232,1762.1,2.638,5.721,1.22324159,7.7604,484.6,0.987,0.959416675,13.0113,1.908,29.3581,90.5112
2012-03-01,9139,0.749456644,0.749456644,5.5747,3.0605,1786.9,2.6655,5.691,1.222195062,7.65,488.1,0.9978,0.967024466,12.801,1.8257,29.316,89.9605
2012-02-01,9010,0.750525368,0.750525368,5.5775,2.994,1766.2,2.673,5.5864,1.199760048,7.4848,479.6,0.9894,0.932053313,12.84,1.7167,29.0815,91.6463
2012-01-01,8980,0.764642912,0.764642912,5.6837,3.04,1809.5,2.688,5.8658,1.212562144,7.81,491.4,1.0026,0.942151875,13.0426,1.7463,30.2997,92.2056
2011-12-01,9060,0.772499034,0.772499034,5.743,3.169,1936,2.696,5.9766,1.284686536,8.065,519.25,1.0193,0.97799511,13.9464,1.8627,32.194,91.2649
2011-11-01,9105,0.743992262,0.743992262,5.5307,3.177,1951.15,2.699,5.7718,1.282709082,8.1115,515.45,1.0192,0.97323601,13.635,1.8078,30.722,90.6098
2011-10-01,8850,0.721709007,0.721709007,5.369,3.067,1865,2.7053,5.5509,1.240540876,7.9406,489.75,0.9995,0.949216896,13.3515,1.7167,30.2265,89.7253
2011-09-01,8780,0.747160789,0.747160789,5.5548,3.187,1929.99,2.773,5.8625,1.315270288,8.0463,520.75,1.0499,1.035411058,13.895,1.8785,32.179,86.8983
2011-08-01,8528,0.695555401,0.695555401,5.1786,2.981,1777,2.731,5.36,1.170960187,6.9865,461.1,0.9777,0.934492104,12.3354,1.5887,28.828,86.3178
2011-07-01,8495,0.694685655,0.694685655,5.169,2.964,1776.7,2.7367,5.3704,1.138174368,6.6725,457.3,0.9551,0.910083728,11.7225,1.5485,27.633,86.9412
2011-06-01,8573,0.689464975,0.689464975,5.1398,3.018,1767.5,2.749,5.3827,1.206127126,6.743,467.15,0.9633,0.933096949,11.7067,1.5617,27.921,86.9464
2011-05-01,8532,0.694733917,0.694733917,5.1788,3.008,1802,2.766,5.378,1.214624074,6.8042,464.7,0.9682,0.937382827,11.5677,1.5795,27.9663,86.9214
2011-04-01,8563,0.675721333,0.675721333,5.0336,2.961,1767.7,2.826,5.2466,1.235483074,6.5656,460.3,0.9444,0.911992704,11.496,1.5765,27.392,88.4872
2011-03-01,8705,0.705965408,0.705965408,5.2628,3.025,1870.5,2.805,5.533,1.314060447,6.7656,477.5,0.97,0.968335431,11.9013,1.6315,28.43,89.3967
2011-02-01,8818,0.724585175,0.724585175,5.4005,3.049,1906,2.7725,5.5956,1.330140995,6.9135,474.75,0.9715,0.982028872,12.1047,1.6635,28.873,90.1112
2011-01-01,9043,0.730727073,0.730727073,5.4437,3.06,1871.8,2.769,5.774,1.296512382,7.1755,483,1.001,1.003713741,12.1152,1.667,29.785,91.1835
2010-12-01,9005,0.747551768,0.747551768,5.5702,3.082,1915,2.805,5.8218,1.283532281,6.5995,467.75,0.9967,0.980103891,12.3565,1.6593,30.572,90.5095
2010-11-01,9029,0.770594128,0.770594128,5.7386,3.165,1942,2.83,6.2071,1.346982759,7.0588,487,1.0263,1.044386423,12.4908,1.7145,31.5316,90.2291
2010-10-01,8935,0.717000072,0.717000072,5.3442,3.11,1838,2.798,5.8411,1.30565348,6.9817,489,1.0187,1.016880212,12.3449,1.7007,30.843,92.7626
2010-09-01,8920,0.733675715,0.733675715,5.4661,3.086,1800.5,2.787,5.8694,1.361841209,6.955,483.5,1.0287,1.034447088,12.5842,1.6871,30.5814,93.6822
2010-08-01,9030,0.788332676,0.788332676,5.8665,3.149,1825,2.796,6.2904,1.430615165,7.3645,502.8,1.064,1.122838536,13.186,1.7548,30.825,94.4547
2010-07-01,8935,0.766577233,0.766577233,5.7105,3.1825,1842.6,2.819,6.0714,1.378359752,7.2905,521,1.0296,1.10619469,12.6465,1.7525,30.26,96.0606
2010-06-01,9055,0.817394147,0.817394147,6.0856,3.242,1914.4,2.825,6.494,1.46092038,7.665,545.8,1.0642,1.190617931,12.94,1.8037,31.259,95.5306
2010-05-01,9170,0.812677773,0.812677773,6.0449,3.26,1970.55,2.8445,6.452,1.469723692,7.65,530,1.0449,1.18147448,12.91,1.8198,30.886,92.6391
2010-04-01,9010,0.752162467,0.752162467,5.5945,3.1835,1954.1,2.846,5.9025,1.375705049,7.3795,518.7,1.0174,1.081782778,12.304,1.734,29.226,93.1499
2010-03-01,9085,0.74019245,0.74019245,5.5081,3.259,1914.8,2.839,5.937,1.407657658,7.28,524.5,1.0152,1.090988436,12.3762,1.7836,29.432,93.8867
2010-02-01,9327,0.733944954,0.733944954,5.4597,3.401,1918.8,2.847,5.9017,1.433691756,7.696,524.5,1.0528,1.117568172,12.7708,1.8067,29.93,92.4403
2010-01-01,9345,0.721396624,0.721396624,5.3691,3.413,1982.2,2.86,5.9245,1.426533524,7.6038,524,1.0696,1.13058225,13.0955,1.8847,30.3678,92.2586
2009-12-01,9420,0.698519139,0.698519139,5.1967,3.422,2039.75,2.888,5.7934,1.38064338,7.39,507.2,1.0518,1.114578689,13.0611,1.7425,30.311,91.7996
2009-11-01,9445,0.666355701,0.666355701,4.9562,3.393,1997.8,2.88,5.675,1.397819402,7.381,497.3,1.0554,1.092896175,12.935,1.755,29.227,92.2598
2009-10-01,9540,0.679578661,0.679578661,5.0533,3.41,1988.5,2.908,5.7283,1.39275766,7.765,530.7,1.0845,1.112223334,13.215,1.763,29.1576,93.6638
2009-09-01,9640,0.683293475,0.683293475,5.084,3.459,1928.2,2.8805,5.7689,1.382743363,7.465,549,1.069,1.131990038,13.4955,1.7715,30.0236,94.373
2009-08-01,10075,0.697885407,0.697885407,5.1937,3.52,2057,2.953,6.013,1.458576429,7.7695,553,1.0945,1.184413123,13.3613,1.879,31.798,95.6605
2009-07-01,9920,0.701902155,0.701902155,5.2237,3.52,2035.4,2.985,6.1174,1.511715797,7.751,540.3,1.0777,1.197461382,13.169,1.8645,31.4615,96.0426
2009-06-01,10200,0.712606,0.712606,5.3029,3.513,2139.23,3.006,6.4269,1.54870683,7.715,533,1.1625,1.239618198,13.185,1.952,31.1583,97.5519
2009-05-01,10280,0.70666384,0.70666384,5.2607,3.485,2138.9,2.982,6.2775,1.5625,7.929,561.1,1.0905,1.248439451,13.13,1.971,30.7837,100.7162
2009-04-01,10570,0.756086496,0.756086496,5.6304,3.558,2287.1,2.979,6.556,1.769911504,8.448,581.5,1.1937,1.379120121,13.8338,2.1893,33.1167,103.4397
2009-03-01,11535,0.754716981,0.754716981,5.6209,3.643,2543.44,3.1512,6.7304,1.781261133,9.5282,582.1,1.2607,1.445086705,14.18,2.3168,33.954,102.9737
2009-02-01,11975,0.78939059,0.78939059,5.8792,3.705,2551.6,3.249,7.0295,2.00120072,10.055,596.05,1.2729,1.562988434,15.2465,2.3909,35.9092,100.3521
2009-01-01,11370,0.782472613,0.782472613,5.8316,3.605,2433.1,3.174,6.9262,1.97044335,10.18,616.25,1.2267,1.57480315,14.327,2.319,35.7466,99.6622
2008-12-01,10850,0.71540993,0.71540993,5.3233,3.45,2246.16,3.133,6.9453,1.713796058,9.44,635.5,1.2165,1.41382723,13.6525,2.313,30.525,100.7667
2008-11-01,11950,0.787711698,0.787711698,5.8645,3.621,2318.3,3.084,7.0176,1.818512457,10.115,660.3,1.2355,1.527183873,13.4304,2.3027,27.91,98.04
2008-10-01,10800,0.785545954,0.785545954,5.8518,3.549,2382.5,3.086,6.714,1.718213058,9.76,668,1.2122,1.497902936,12.805,2.1637,27.0762,91.2651
2008-09-01,9410,0.709119274,0.709119274,5.2882,3.44,2183.1,2.979,5.8602,1.491646778,8.2746,552.1,1.0642,1.259287243,10.915,1.9054,25.6324,88.945
2008-08-01,9145,0.681570338,0.681570338,5.0827,3.392,1935.55,2.95,5.4233,1.426330053,7.6846,512.5,1.0635,1.165501166,10.28,1.629,24.644,86.4538
2008-07-01,9090,0.641025641,0.641025641,4.7816,3.2545,1794,2.81,5.1245,1.363512408,7.3105,504,1.0233,1.061909313,10.03,1.5661,23.4305,87.0728
2008-06-01,9215,0.634719137,0.634719137,4.7326,3.265,1912,2.96,5.087,1.313197636,7.8298,524.4,1.0209,1.044059303,10.305,1.6036,23.4444,86.8245
2008-05-01,9310,0.643004115,0.643004115,4.7945,3.2385,1746.7,2.8451,5.1028,1.277955272,7.605,480.2,0.9932,1.046353458,10.317,1.626,23.6853,86.5475
2008-04-01,9217,0.640368852,0.640368852,4.7766,3.158,1760,2.8141,5.0832,1.280737705,7.51,461.9,1.007,1.061233153,10.484,1.6617,23.679,86.8399
2008-03-01,9210,0.634034999,0.634034999,4.7269,3.197,1830.1,2.7451,5.0946,1.27420999,8.115,436.85,1.0258,1.095770327,10.631,1.7554,23.486,88.6434
2008-02-01,9060,0.658804928,0.658804928,4.905,3.1925,1838,2.889,5.211,1.252191335,7.8075,454.4,0.9843,1.073767851,10.708,1.6904,24.018,89.3971
2008-01-01,9244,0.672721157,0.672721157,5.013,3.234,1937.6,2.933,5.4056,1.26984127,7.46,464.1,1.0036,1.116196004,10.824,1.7583,24.4449,90.005
2007-12-01,9390,0.68544794,0.68544794,5.108,3.305,2017,2.997,5.4347,1.304461258,6.84,497.7,0.9964,1.141943588,10.894,1.779,24.5695,89.053
2007-11-01,9365,0.683480282,0.683480282,5.0949,3.362,2052.1,2.9951,5.5435,1.309243257,6.78,505.7,0.9999,1.131221719,10.906,1.7972,24.442,90.4002
2007-10-01,9090,0.690607735,0.690607735,5.1463,3.333,1983,2.9991,5.3659,1.295672454,6.4775,492.5,0.9436,1.072846261,10.6505,1.7358,24.667,92.4366
2007-09-01,9140,0.700721743,0.700721743,5.2235,3.405,2022,3.083,5.3865,1.320829481,6.8525,510.78,0.9913,1.127141569,10.92,1.832,24.8516,93.7603
2007-08-01,9385,0.733783387,0.733783387,5.4654,3.5,2162.25,3.159,5.8283,1.422272792,7.12,523.6,1.0556,1.223091977,11.0225,1.9676,25.651,93.2059
2007-07-01,9220,0.731421884,0.731421884,5.4415,3.452,1954,3.16,5.8295,1.314924392,7.15,521.3,1.067,1.175364363,10.985,1.881,25.557,94.4449
2007-06-01,9030,0.738497895,0.738497895,5.4922,3.45,1973.9,3.165,5.886,1.296008294,7.0143,527.3,1.0651,1.178411501,10.8055,1.928,25.7215,94.7225
2007-05-01,8822,0.74343915,0.74343915,5.5343,3.397,1893.8,3.174,6.0307,1.358695652,7.0926,525.5,1.0703,1.208459215,10.7385,1.9195,25.8842,95.6322
2007-04-01,9083,0.732869183,0.732869183,5.456,3.42,2102.2,3.172,5.9492,1.350074254,7.03,525.3,1.1089,1.204093919,10.963,2.0338,25.68,97.0118
2007-03-01,9115,0.748783227,0.748783227,5.5762,3.456,2202.3,3.182,6.0798,1.397819402,7.24,539.5,1.153,1.237011381,11.038,2.058,25.963,97.4764
2007-02-01,9128,0.755686541,0.755686541,5.6301,3.501,2230,3.19,6.1304,1.424298533,7.215,539.1,1.1688,1.269196599,11.1603,2.1194,26.1173,97.8338
2007-01-01,9095,0.767283051,0.767283051,5.7186,3.5,2251.9,3.196,6.2389,1.45158949,7.189,544.65,1.176,1.287830006,10.9978,2.1223,26.4915,96.7951
2006-12-01,8986,0.757805396,0.757805396,5.6476,3.527,2237,3.1941,6.2328,1.420656343,6.99,532.1,1.165,1.267427123,10.797,2.135,26.32,97.5133
2006-11-01,9160,0.755287009,0.755287009,5.6296,3.616,2296,3.216,6.1577,1.463271876,7.127,525.9,1.1413,1.268552582,10.9795,2.164,26.2485,98.3156
2006-10-01,9084,0.783637646,0.783637646,5.838,3.651,2304,3.216,6.5336,1.494098312,7.351,525.5,1.1222,1.291989664,10.7555,2.1418,26.6985,97.9814
2006-09-01,9190,0.789203693,0.789203693,5.8818,3.686,2397.25,3.25,6.5393,1.531393568,7.7652,534.7,1.118,1.339943722,10.9705,2.1723,26.7782,97.7138
2006-08-01,9100,0.780883961,0.780883961,5.8219,3.68,2395,3.243,6.3205,1.52578578,7.18,540.5,1.1033,1.309414692,10.9055,2.1419,26.7664,98.4387
2006-07-01,9085,0.783576242,0.783576242,5.8449,3.656,2427.1,3.24,6.1562,1.619695497,6.915,540.6,1.1315,1.305483029,10.9565,2.176,26.797,98.6927
2006-06-01,9262,0.782105428,0.782105428,5.8316,3.672,2572.3,3.262,6.2263,1.646903821,7.164,539,1.1169,1.347345729,11.33,2.1644,26.857,97.5118
2006-05-01,9245,0.780640125,0.780640125,5.8194,3.629,2490.2,3.297,6.0816,1.576789656,6.713,533.1,1.1008,1.329433661,11.326,2.3036,26.9834,99.7435
2006-04-01,8770,0.79151496,0.79151496,5.9013,3.6245,2377,3.303,6.1365,1.570598398,5.9975,514.5,1.1168,1.319957761,11.052,2.0855,27.2501,100.4281
2006-03-01,9072,0.825286787,0.825286787,6.1558,3.6821,2289.5,3.3675,6.5513,1.625487646,6.146,527.01,1.1678,1.396648045,10.879,2.163,27.7051,100.2112
2006-02-01,9177,0.83899656,0.83899656,6.2576,3.714,2244,3.294,6.7453,1.512172993,6.1483,517,1.1365,1.346982759,10.476,2.122,28.0246,100
2006-01-01,9360,0.822774395,0.822774395,6.1387,3.7495,2265,3.305,6.6449,1.457088737,6.04,526.25,1.1393,1.31821777,10.442,2.211,28.1175,
2005-12-01,9815,0.844594595,0.844594595,6.2973,3.779,2285,3.418,6.7435,1.465416178,6.3075,514.05,1.1623,1.36369835,10.624,2.3368,28.7389,
2005-11-01,10010,0.848392297,0.848392297,6.3221,3.773,2273.5,3.414,6.7358,1.423690205,6.447,516.55,1.1657,1.354646437,10.5555,2.202,28.8022,
2005-10-01,10115,0.83423709,0.83423709,6.2237,3.7745,2289.5,3.3735,6.5024,1.427755568,6.6825,544,1.1815,1.336362421,10.781,2.2518,28.555,
2005-09-01,10290,0.8313243,0.8313243,6.2014,3.7685,2287,3.3415,6.5398,1.443626389,6.3485,529.5,1.163,1.313887794,10.754,2.2265,28.495,
2005-08-01,10175,0.810175808,0.810175808,6.039,3.7715,2302,3.2725,6.3703,1.437814522,6.36,542.5,1.1883,1.324854266,10.754,2.354,28.4875,
2005-07-01,9800,0.824402308,0.824402308,6.1518,3.75,2309,3.251,6.487,1.472537182,6.555,562,1.2219,1.321877065,10.5988,2.379,28.611,
2005-06-01,9752,0.826446281,0.826446281,6.1547,3.7995,2326,3.253,6.5283,1.435544071,6.655,577.6,1.225,1.311647429,10.737,2.3349,28.6275,
2005-05-01,9508,0.812413681,0.812413681,6.0455,3.7995,2337.51,3.2545,6.4506,1.419849496,6.7876,583,1.254,1.323276432,10.8795,2.4085,28.2365,
2005-04-01,9558,0.776940409,0.776940409,5.7797,3.7995,2346,3.255,6.3083,1.36761488,6.0563,582.25,1.2589,1.281229981,11.045,2.5272,27.776,
2005-03-01,9464,0.771545405,0.771545405,5.7458,3.7995,2369,3.259,6.3345,1.405876564,6.2405,585.75,1.2091,1.294833614,11.1675,2.679,27.8691,
2005-02-01,9252,0.755572346,0.755572346,5.6222,3.7995,2328,3.256,6.2127,1.376841526,5.7863,574.5,1.2331,1.262307498,11.095,2.5885,27.67,
2005-01-01,9160,0.767341928,0.767341928,5.7085,3.7995,2362,3.265,6.3634,1.409641951,5.9875,582.65,1.2403,1.290322581,11.1925,2.6078,28.015,
2004-12-01,9270,0.737571913,0.737571913,5.4823,3.7995,2350,3.276,6.076,1.393339836,5.6401,555.5,1.2028,1.278935925,11.13,2.655,27.71,
2004-11-01,8995,0.752388835,0.752388835,5.5878,3.7995,2478.5,3.3045,6.131,1.399776036,5.785,588.7,1.1854,1.295504599,11.215,2.719,28.125,
2004-10-01,9080,0.782472613,0.782472613,5.8068,3.7995,2564,3.324,6.368,1.462415911,6.0911,611.25,1.2178,1.336183859,11.53,2.8592,28.734,
2004-09-01,9142,0.804440512,0.804440512,5.9974,3.7999,2622,3.339,6.7072,1.476232654,6.4266,610.1,1.2618,1.375137514,11.375,2.858,29.2191,
2004-08-01,9360,0.820681165,0.820681165,6.101,3.7995,2534,3.3675,6.86,1.525087693,6.62,626,1.3123,1.419647927,11.387,2.926,29.253,
2004-07-01,9137,0.832154448,0.832154448,6.1844,3.7995,2613.45,3.417,7.0166,1.572079862,6.24,642.75,1.3314,1.423690205,11.39,3.035,29.101,
2004-06-01,9390,0.820681165,0.820681165,6.0983,3.7995,2688,3.467,6.9292,1.573069058,6.1475,633.8,1.3327,1.432254368,11.49,3.085,29.065,
2004-05-01,9260,0.820748523,0.820748523,6.1028,3.7995,2736.05,3.487,6.7311,1.583280557,6.47,640,1.3621,1.398797035,11.445,3.188,28.985,
2004-04-01,8695,0.834794223,0.834794223,6.2109,3.7995,2656,3.484,6.8614,1.594387755,6.9671,622.85,1.3697,1.387925052,11.412,2.93,29.0103,
2004-03-01,8561,0.81214976,0.81214976,6.0454,3.7995,2676,3.459,6.845,1.497230124,6.2675,611,1.3092,1.304631442,11.12,2.895,28.514,
2004-02-01,8450,0.800768738,0.800768738,5.9646,3.7995,2679,3.4726,7.0021,1.456452083,6.5963,589.5,1.335,1.292490629,11.055,2.905,28.52,
2004-01-01,8457,0.802181935,0.802181935,5.9738,3.7995,2738,3.4987,7.0132,1.484340211,7.07,583.9,1.3243,1.309586171,11.06,2.934,28.5246,
2003-12-01,8410,0.794533609,0.794533609,5.9195,3.7995,2779,3.4615,6.6693,1.527883881,6.675,592.85,1.2967,1.330494944,11.225,2.89,29.235,
2003-11-01,8500,0.83388926,0.83388926,6.2027,3.7995,2833.4,3.4795,6.8155,1.56470036,6.3676,621.3,1.2995,1.38121547,11.372,2.945,29.7355,
2003-10-01,8495,0.863408738,0.863408738,6.414,3.7995,2874.1,3.4732,7.1097,1.631055293,6.8636,626.25,1.319,1.412429379,11.004,2.866,29.945,
2003-09-01,8390,0.857780065,0.857780065,6.3632,3.7995,2899.5,3.4828,7.0392,1.681802893,6.9309,660.8,1.3523,1.470155837,10.977,2.891,30.5814,
2003-08-01,8480,0.910995718,0.910995718,6.7594,3.7995,2826.7,3.48,7.5088,1.730103806,7.33,697,1.3862,1.544878727,11.0371,2.977,30.5141,
2003-07-01,8500,0.890630566,0.890630566,6.609,3.7995,2881.5,3.473,7.2866,1.72294969,7.3466,707.5,1.4045,1.542733724,10.597,2.965,30.2547,
2003-06-01,8245,0.86888522,0.86888522,6.4518,3.7995,2815,3.467,7.2049,1.702707305,7.47,699,1.3466,1.485001485,10.448,2.835,30.345,
2003-05-01,8300,0.848608282,0.848608282,6.306,3.7995,2845,3.4945,6.6725,1.734003815,8.1,711.2,1.3663,1.529519731,10.31,2.971,30.6827,
2003-04-01,8671,0.894374385,0.894374385,6.643,3.7995,2869,3.462,6.9949,1.781261133,7.26,702,1.433,1.59642401,10.26,2.909,31.107,
2003-03-01,8898,0.915667063,0.915667063,6.802,3.7995,2958,3.475,7.27,1.804402743,7.8783,733,1.4676,1.654807215,10.771,3.361,31.36,
2003-02-01,8881,0.926268989,0.926268989,6.8775,3.7995,2960.1,3.478,7.1553,1.788588803,8.0626,748.9,1.483,1.643385374,11.017,3.568,31.557,
2003-01-01,8865,0.928763815,0.928763815,6.9012,3.7995,2945,3.485,6.9168,1.834862385,8.482,735,1.5211,1.702997275,10.899,3.501,31.822,
2002-12-01,8940,0.952743902,0.952743902,7.0701,3.7995,2854.5,3.501,6.9285,1.90912562,8.545,720,1.5722,1.782848993,10.36,3.535,31.93,
2002-11-01,8970,1.005732676,1.005732676,7.4655,3.7995,2794.3,3.5075,7.3228,2.009242516,9.222,703.5,1.5644,1.784439686,10.145,3.648,31.847,
2002-10-01,9228,1.009591116,1.009591116,7.5043,3.7995,2781.5,3.6035,7.4316,2.057613169,9.9955,726.5,1.5581,1.802776275,10.193,3.645,31.787,
2002-09-01,8990,1.013684744,1.013684744,7.5256,3.7995,2879.7,3.632,7.4002,2.133560913,10.508,749,1.5864,1.843997787,10.19,3.755,31.715,
2002-08-01,8850,1.01853738,1.01853738,7.5598,3.7995,2698,3.618,7.512,2.133560913,10.575,709,1.5584,1.816200509,9.931,3.005,31.602,
2002-07-01,9055,1.0234367,1.0234367,7.598,3.7995,2630,3.57,7.6365,2.147766323,10.15,706.7,1.5837,1.841281532,9.87,3.44,31.528,
2002-06-01,8703,1.008572869,1.008572869,7.4901,3.7995,2400,3.508,7.4894,2.054653791,10.255,686,1.5185,1.775252974,9.935,2.815,31.515,
2002-05-01,8685,1.071352046,1.071352046,7.9715,3.8,2316,3.4615,8,2.082032063,9.807,655.4,1.5325,1.763357433,9.638,2.517,31.332,
2002-04-01,9320,1.111111111,1.111111111,8.2537,3.8,2278.1,3.4315,8.4121,2.235136343,10.611,646.7,1.5673,1.858736059,9.407,2.36,31.235,
2002-03-01,9800,1.147446931,1.147446931,8.5255,3.8,2270,3.437,8.8484,2.270663034,11.33,656.3,1.5952,1.875117195,9,2.324,31.207,
2002-02-01,10140,1.151543068,1.151543068,8.549,3.8,2302,3.4705,8.8795,2.37586125,11.364,672,1.601,1.935359009,9.121,2.364,30.957,
2002-01-01,10305,1.16522955,1.16522955,8.6378,3.8,2266,3.4745,9.1151,2.40211386,11.383,678.5,1.5858,1.970055162,9.144,2.412,30.7,
2001-12-01,10350,1.123090746,1.123090746,8.345,3.8,2275,3.437,8.9459,2.40211386,11.97,661,1.5917,1.958480219,9.148,2.31,30.47,
2001-11-01,10450,1.115822361,1.115822361,8.2982,3.7995,2297,3.432,8.918,2.400960384,10.25,686,1.5727,1.917177914,9.215,2.494,29.93,
2001-10-01,10450,1.111728738,1.111728738,8.2706,3.8,2307,3.439,8.8884,2.4348673,9.4396,713.5,1.5884,1.988071571,9.275,2.695,29.718,
2001-09-01,9695,1.097213079,1.097213079,8.1547,3.7995,2333,3.48,8.865,2.462447673,9.0276,693,1.5791,2.036659878,9.49,2.669,29.452,
2001-08-01,8850,1.096250822,1.096250822,8.1579,3.7995,2299.5,3.479,8.8263,2.276348737,8.4291,664.5,1.5507,1.889644747,9.197,2.563,29.42,
2001-07-01,9475,1.141422212,1.141422212,8.4997,3.7995,2288,3.489,9.1143,2.419549964,8.2576,670.1,1.533,1.962708538,9.16,2.472,29.343,
2001-06-01,11380,1.17674747,1.17674747,8.784,3.7995,2297,3.507,9.3165,2.463054187,8.0436,631.6,1.5142,1.956564273,9.018,2.31,29.14,
2001-05-01,11100,1.182592242,1.182592242,8.8122,3.7995,2318,3.629,9.3841,2.444987775,7.995,610.8,1.5378,1.977848101,9.17,2.38,29.144,
2001-04-01,11550,1.126126126,1.126126126,8.4088,3.8,2341,3.5835,9.0951,2.418964683,8.032,600.7,1.5348,1.952743605,9.238,2.2,28.934,
2001-03-01,10415,1.139731023,1.139731023,8.5066,3.7999,2309,3.5225,9.1728,2.48447205,8.0325,595.4,1.5759,2.061430633,9.452,2.152,28.773,
2001-02-01,9815,1.083423619,1.083423619,8.079,3.7995,2262,3.52,8.9076,2.323960028,7.665,574.09,1.5356,1.901140684,9.676,2.0455,28.662,
2001-01-01,9400,1.068147832,1.068147832,7.989,3.7995,2240,3.533,8.7788,2.248706993,7.7425,561.2,1.4979,1.815211472,9.654,1.97,28.464,
2000-12-01,9625,1.061345786,1.061345786,7.9134,3.7995,2232,3.524,8.7683,2.257336343,7.585,573.6,1.4983,1.790510295,9.631,1.949,28.531,
2000-11-01,9510,1.146526026,1.146526026,8.553,3.7999,2163,3.528,9.2604,2.428363283,7.7325,578,1.5362,1.892863903,9.414,1.979,27.925,
2000-10-01,9325,1.177856302,1.177856302,8.7639,3.7999,2135,3.507,9.2873,2.522704339,7.555,570.2,1.522,1.922707172,9.564,1.899,27.873,
2000-09-01,8740,1.131605749,1.131605749,8.4428,3.7999,2210.5,3.505,9.055,2.455795678,7.23,563.6,1.5028,1.843317972,9.439,1.843,27.772,
2000-08-01,8300,1.125365744,1.125365744,8.3955,3.7999,2215.05,3.47,9.0716,2.341920375,6.973,561.9,1.4717,1.734003815,9.199,1.823,27.765,
2000-07-01,8900,1.080030241,1.080030241,8.0485,3.7998,2172,3.472,8.852,2.201673272,6.9525,555.4,1.4858,1.723246597,9.323,1.783,27.85,
2000-06-01,8745,1.050089258,1.050089258,7.8311,3.7999,2152,3.483,8.5981,2.134927412,6.775,539.6,1.4799,1.676727029,9.793,1.806,28.05,
2000-05-01,8620,1.06643916,1.06643916,7.957,3.7998,2097,3.495,8.8599,2.185314685,6.9625,524.1,1.4963,1.747640685,9.503,1.823,28.2425,
2000-04-01,7900,1.096491228,1.096491228,8.1883,3.7998,2006,3.475,8.921,2.062280883,6.785,515.1,1.4805,1.713502399,9.387,1.804,28.42,
2000-03-01,7555,1.046025105,1.046025105,7.7852,3.7999,1958,3.478,8.4613,2.015722637,6.5205,503.1,1.4486,1.646632636,9.257,1.739,28.65,
2000-02-01,7420,1.03669915,1.03669915,7.6962,3.7998,1947,3.433,8.3795,2.040399918,6.335,502.35,1.4484,1.616553508,9.364,1.767,28.68,
2000-01-01,7420,1.031672341,1.031672341,7.6369,3.7998,1973,3.483,8.329,2.019386107,6.3025,517.8,1.4456,1.570845115,9.577,1.783,28.61,
1999-12-01,6975,0.993048659,0.993048659,7.3908,3.7997,1870,3.507,8.0151,1.911314985,6.1425,529.25,1.4455,1.523693433,9.46,1.804,27.4,
1999-11-01,7290,0.991178511,0.991178511,7.377,3.7999,1918,3.489,8.0571,1.965408805,6.175,545,1.4736,1.574555188,9.435,1.922,26.67,
1999-10-01,6800,0.948047023,0.948047023,7.0477,3.7995,1969,3.48,7.8209,1.967342121,6.14,547.3,1.4699,1.56641604,9.595,1.947,26.1,
1999-09-01,8275,0.936154278,0.936154278,6.971,3.7999,2005,3.462,7.6789,1.929756851,6.005,529.9,1.4667,1.533036946,9.37,1.936,25.21,
1999-08-01,7650,0.946790381,0.946790381,7.024,3.7999,1934,3.385,7.8415,1.934235977,6.0805,516.7,1.4917,1.564455569,9.345,1.917,25.08,
1999-07-01,6855,0.934142924,0.934142924,6.9495,3.7999,1811,3.336,7.771,1.887148519,6.1675,512.5,1.5065,1.53704273,9.395,1.802,24.24,
1999-06-01,6680,0.965996909,0.965996909,7.2145,3.7995,1747,3.331,7.865,1.865323634,6.01,518.5,1.4621,1.497005988,9.364,1.752,24.24,
1999-05-01,8090,0.959692898,0.959692898,7.1116,3.7995,1660,3.331,7.888,1.872659176,6.215,490.5,1.4735,1.5417823,9.704,1.719,24.69,
1999-04-01,7980,0.946521533,0.946521533,7.0302,3.8,1616,3.334,7.8084,1.790510295,6.068,484,1.456,1.512859304,9.29,1.664,24.65,
1999-03-01,8600,0.928936368,0.928936368,6.9055,3.7999,1527,3.331,7.7481,1.870557426,6.1515,485,1.5075,1.576044129,9.51,1.715,24.95,
1999-02-01,8750,0.907194049,0.907194049,6.7426,3.7998,1565,3.4,7.8893,1.914608463,6.1855,501.5,1.5075,1.616814875,9.88,2.03,22.95,
1999-01-01,8800,0.880049283,0.880049283,6.5426,3.7998,1580,3.375,7.5135,1.854599407,6.0575,488.8,1.51,1.586546089,10.16,2.07,23.05,
1998-12-01,7800,0.853169525,0.853169525,6.388,3.7999,1550,3.1545,7.63,1.902225604,5.8855,473,1.5295,1.635322976,9.9,1.208,20.9,
1998-11-01,7400,0.862291972,0.862291972,6.4359,3.7997,1547,3.124,7.5032,1.904761905,5.693,467.8,1.5325,1.591596371,9.995,1.2014,18.4,
1998-10-01,7500,0.841609157,0.841609157,6.2825,3.7997,1567,3.069,7.3,1.890359168,5.58,462.45,1.5422,1.60436387,10.03,1.1929,16.65,
1998-09-01,10600,0.848176421,0.848176421,6.3375,3.8,1557.5,3.053,7.38,1.998401279,5.94,466.7,1.53,1.686056314,10.25,1.184,15.9,
1998-08-01,10900,0.885190759,0.885190759,6.6853,4.1605,1442,3.0415,7.7522,2.021835827,6.515,473.4,1.5658,1.76056338,10.06,1.1765,9.7,
1998-07-01,13000,0.901713255,0.901713255,6.7683,4.1455,1370.5,2.928,7.5403,1.958480219,6.12,466.5,1.5125,1.650709805,8.92,1.1629,6.2805,
1998-06-01,14650,0.913492281,0.913492281,6.884,4.125,1363,2.929,7.6589,1.922707172,5.97,469,1.4664,1.611603546,8.96,1.1565,6.229,
1998-05-01,11250,0.907111756,0.907111756,6.8051,3.8405,1397.95,2.862,7.5563,1.873360809,5.1545,455.3,1.4563,1.605909748,8.825,1.1504,6.167,
1998-04-01,7900,0.907852928,0.907852928,6.8429,3.725,1364.2,2.827,7.4596,1.808645325,5.0535,452.7,1.4305,1.540832049,8.483,1.1435,6.129,
1998-03-01,8600,0.928936368,0.928936368,7.0424,3.64,1361,2.8,7.6227,1.811594203,5.033,453.3,1.4197,1.510345869,8.517,1.137,6.0975,
1998-02-01,8850,0.919202133,0.919202133,6.9195,3.69,1343,2.807,7.5777,1.709401709,4.945,449.2,1.4235,1.473839352,8.51,1.1299,6.048,
1998-01-01,9800,0.928074246,0.928074246,6.9735,4.1855,1343.5,2.776,7.5938,1.711449598,4.9315,454.5,1.454,1.46092038,8.447,1.123,6.042,
1997-12-01,5400,0.910249408,0.910249408,6.8501,3.88,1295.5,2.723,7.3732,1.722059583,4.864,438,1.4293,1.537279016,8.065,1.116,5.997,
1997-11-01,3640,0.890868597,0.890868597,6.7165,3.505,1308,2.72,7.1934,1.624431449,4.85,436.5,1.423,1.469507715,8.22,1.109,5.932,
1997-10-01,3580,0.875273523,0.875273523,6.5611,3.345,1283.55,2.71,7.0155,1.608234159,4.8125,421.5,1.408,1.426533524,8.39,1.1025,5.897,
1997-09-01,3260,0.899280576,0.899280576,6.7045,3.243,1242,2.645,7.066,1.557875058,4.651,414.1,1.3815,1.378549766,7.767,1.0959,5.858,
1997-08-01,2920,0.919709372,0.919709372,6.8836,2.925,1172.5,2.653,7.4813,1.565680288,4.691,415,1.3875,1.366120219,7.82,1.0915,5.838,
1997-07-01,2610,0.932140194,0.932140194,7.008,2.633,1113.8,2.651,7.6256,1.539882969,4.61,416.6,1.378,1.336898396,7.82,1.0829,5.811,
1997-06-01,2431,0.887941751,0.887941751,6.6441,2.524,1090,2.653,7.3257,1.470155837,4.534,416.1,1.381,1.326787847,7.931,1.0764,5.772,
1997-05-01,2432,0.876808417,0.876808417,6.4995,2.5135,1079,2.665,7.1194,1.451800232,4.466,418.75,1.3762,1.315789474,7.918,1.0702,5.767,
1997-04-01,2429,0.888888889,0.888888889,6.5827,2.5105,1069,2.664,7.1138,1.443418014,4.445,418.5,1.3974,1.281394157,7.949,1.0634,5.76,
1997-03-01,2400,0.857927248,0.857927248,6.3661,2.4785,1061.1,2.65,6.6148,1.439884809,4.419,415.5,1.3836,1.272750414,7.913,1.0605,5.728,
1997-02-01,2395,0.872371979,0.872371979,6.4469,2.481,1075,2.644,6.7372,1.440507058,4.476,413,1.3679,1.285181853,7.92,1.0509,5.683,
1997-01-01,2375,0.848104486,0.848104486,6.2485,2.4853,1058.1,2.643,6.4851,1.452643812,4.5585,419.9,1.3473,1.312163758,7.818,1.0456,5.634,
1996-12-01,2361,0.797893561,0.797893561,5.893,2.525,1006.1,2.609,6.4411,1.416831964,4.676,424.1,1.3706,1.258653241,7.882,1.0389,5.588,
1996-11-01,2344,0.797766254,0.797766254,5.8945,2.5265,995.22,2.581,6.4202,1.40390285,4.613,420.7,1.3513,1.225490196,7.887,1.0326,5.515,
1996-10-01,2328,0.791327055,0.791327055,5.8302,2.5265,999.5,2.575,6.3965,1.415628539,4.6925,420.1,1.3375,1.263743207,7.96,1.0273,5.455,
1996-09-01,2322,0.800064005,0.800064005,5.8506,2.5057,1025,2.509,6.4971,1.431024614,4.537,413.2,1.3616,1.263902932,7.535,1.021,5.404,
1996-08-01,2342,0.785854617,0.785854617,5.722,2.493,1042.5,2.468,6.4113,1.450957632,4.487,411.05,1.368,1.266945395,7.575,1.0163,5.363,
1996-07-01,2350,0.783576242,0.783576242,5.6899,2.4947,1054.6,2.463,6.3673,1.453488372,4.517,410.45,1.3747,1.294498382,7.58,1.014,5.209,
1996-06-01,2326,0.804699445,0.804699445,5.8705,2.4945,1070,2.444,6.5018,1.461560947,4.328,410.2,1.363,1.269357705,7.58,1.0039,5.116,
1996-05-01,2332,0.807297974,0.807297974,5.8785,2.4955,1071.5,2.414,6.5048,1.473839352,4.345,408,1.3685,1.25250501,7.46,0.998,5.036,
1996-04-01,2328,0.815394651,0.815394651,5.904,2.493,1061.9,2.372,6.5708,1.455815985,4.325,406.5,1.3604,1.270325203,7.41,0.992,4.964,
1996-03-01,2337,0.79649542,0.79649542,5.6975,2.5335,1043.55,2.35,6.4078,1.469507715,3.9775,411.3,1.359,1.279099514,7.524,0.9876,4.863,
1996-02-01,2315,0.797066794,0.797066794,5.6895,2.5475,1040,2.355,6.4117,1.485442662,3.87,412.1,1.3699,1.308900524,7.6,0.9844,4.833,
1996-01-01,2291,0.810701257,0.810701257,5.762,2.5603,1026.2,2.355,6.5123,1.488316714,3.6475,411,1.373,1.339943722,7.36,0.978,4.739,
1995-12-01,2284,0.783085356,0.783085356,5.5643,2.5385,990.5,2.305,6.3434,1.531393568,3.6445,406,1.3641,1.346801347,7.68,0.9717,4.665,
1995-11-01,2283,0.784313725,0.784313725,5.6035,2.5368,997,2.326,6.3685,1.53233221,3.668,412.5,1.3595,1.344989913,7.525,0.966,4.576,
1995-10-01,2270,0.768935025,0.768935025,5.458,2.5405,997.2,2.267,6.223,1.519064256,3.6465,414.9,1.344,1.314924392,7.06,0.9614,4.508,
1995-09-01,2265,0.771247879,0.771247879,5.5355,2.514,969.5,2.235,6.2742,1.522765342,3.651,400.5,1.3413,1.324327904,6.385,0.9529,4.4965,
1995-08-01,2265,0.78486775,0.78486775,5.6935,2.493,946.5,2.248,6.4145,1.534683855,3.656,393.5,1.3425,1.331735251,6.255,0.949,4.457,
1995-07-01,2234,0.746268657,0.746268657,5.386,2.4572,900.1,2.224,6.1395,1.481481481,3.621,379.8,1.3645,1.354462955,6.1,0.935,4.405,
1995-06-01,2226,0.750976269,0.750976269,5.39,2.4375,879.5,2.222,6.154,1.495438911,3.6345,373.1,1.3716,1.410039481,6.24,0.919,4.537,
1995-05-01,2226,0.766577233,0.766577233,5.521,2.4655,875,2.24,6.2861,1.504211793,3.6775,377,1.3695,1.393339836,6.17,0.905,4.992,
1995-04-01,2232,0.754944889,0.754944889,5.4417,2.468,879,2.242,6.232,1.487873828,3.6185,388.5,1.3555,1.374570447,5.89,0.917,5.12,
1995-03-01,2237,0.751089079,0.751089079,5.441,2.5285,875,2.254,6.1461,1.528584531,3.5785,403,1.3997,1.363326517,6.77,0.899,4.917,
1995-02-01,2216,0.786905886,0.786905886,5.8143,2.5527,857.7,2.236,6.4728,1.577038322,3.598,410.3,1.3895,1.353729525,5.94,0.849,4.464,
1995-01-01,2216,0.807167649,0.807167649,6.0185,2.556,854.9,2.189,6.6837,1.569365976,3.542,410.3,1.407,1.32222663,5.69,0.84,4.01,
1994-12-01,2197,0.815394651,0.815394651,6.0826,2.552,831.1,2.175,6.7624,1.562988434,3.5435,400.8,1.4014,1.290322581,4.9,0.846,3.585,
1994-11-01,2178,0.823113013,0.823113013,6.144,2.5552,829.32,2.163,6.827,1.592863969,3.552,401,1.3757,1.301236174,3.4395,0.848,3.241,
1994-10-01,2171,0.789016885,0.789016885,5.8855,2.5555,837.2,2.222,6.5345,1.623376623,3.4995,410.6,1.3531,1.34643867,3.4355,0.844,3.092,
1994-09-01,2176,0.811754201,0.811754201,6.0828,2.563,842.3,2.239,6.7851,1.661129568,3.565,412,1.342,1.351899419,3.393,0.852,2.673,
1994-08-01,2173,0.828912467,0.828912467,6.2372,2.5585,816.35,2.245,6.9323,1.660577881,3.5865,418,1.3666,1.34643867,3.386,0.885,,
1994-07-01,2165,0.827746048,0.827746048,6.2245,2.5932,815.45,2.195,6.9054,1.661957786,3.673,423.6,1.3856,1.352082207,3.396,0.936,,
1994-06-01,2170,0.830082178,0.830082178,6.2323,2.604,816.5,2.191,6.9253,1.682935039,3.651,418.3,1.383,1.375137514,3.39,0.9625,,
1994-05-01,2164,0.854481757,0.854481757,6.4565,2.5785,841.5,2.184,7.1352,1.68520391,3.627,421.3,1.3828,1.356668023,3.315,0.6819,,
1994-04-01,2157,0.85660442,0.85660442,6.4813,2.6773,836.4,2.173,7.1693,1.73370319,3.52,425,1.3818,1.398601399,3.26,0.4735,,
1994-03-01,2154,0.868658791,0.868658791,6.5828,2.6735,820.45,2.167,7.2803,1.779359431,3.48,426.4,1.3832,1.420858198,3.36,0.3321,,
1994-02-01,2145,0.882846296,0.882846296,6.6682,2.725,819.35,2.164,7.3892,1.738223536,3.468,429,1.3498,1.402721279,3.17,0.2317,,
1994-01-01,2115,0.892458724,0.892458724,6.7228,2.766,821.39,2.16,7.4463,1.761804087,3.4215,431.2,1.329,1.411631846,3.1,0.1668,,
1993-12-01,2111,0.898876404,0.898876404,6.7899,2.6935,802.38,2.155,7.5328,1.790510295,3.397,428,1.3215,1.473187979,3.11,0.1167,,
1993-11-01,2103,0.892857143,0.892857143,6.783,2.5575,811.78,2.17,7.457,1.831166453,3.3685,418.9,1.3361,1.517911354,3.1,0.0858,,
1993-10-01,2101,0.883002208,0.883002208,6.7874,2.5555,818.65,2.145,7.3655,1.805380032,3.3565,412.1,1.3202,1.501501502,3.13,0.0633,,
1993-09-01,2105,0.861326443,0.861326443,6.602,2.5455,809.37,2.125,7.1459,1.819174095,3.44,410.7,1.334,1.547987616,3.12,0.0466,,
1993-08-01,2097,0.879120879,0.879120879,6.8666,2.547,807.21,2.085,7.2762,1.804728388,3.3775,408.2,1.319,1.485884101,3.11,0.0344,,
1993-07-01,2091,0.915750916,0.915750916,6.7865,2.5625,800.1,2.04,7.46,1.807664497,3.379,405.8,1.2851,1.452432825,3.11,0.0259,,
1993-06-01,2084,0.872143729,0.872143729,6.564,2.5715,786.49,2.024,7.217,1.864280388,3.3395,414,1.2817,1.502629602,3.13,0.0198,,
1993-05-01,2081,0.817126982,0.817126982,6.093,2.554,782.69,1.973,6.7445,1.854255516,3.1775,416.2,1.2708,1.47972773,3.12,0.0152,,
1993-04-01,2079,0.811359026,0.811359026,6.0903,2.5655,774.69,1.93,6.7015,1.84774575,3.1585,415.5,1.2702,1.415628539,3.11,0.0117,,
1993-03-01,2066,0.828843763,0.828843763,6.1724,2.591,765.69,1.865,6.8352,1.882884579,3.167,404,1.2581,1.419446416,3.09,0.01,,
1993-02-01,2062,0.8492569,0.8492569,6.3148,2.6275,751.7,1.79,7.008,1.911314985,3.1425,396,1.2498,1.438021283,3.1,0.0076,,
1993-01-01,2060,0.826104915,0.826104915,6.2115,2.6225,742.7,1.696,6.843,1.936108422,3.076,385,1.2677,1.471670346,3.11,0.0058,,
1992-12-01,2067,0.830564784,0.830564784,6.274,2.614,727.71,1.63,6.945,1.947419669,3.05,381,1.271,1.450536699,3.12,0.0052,,
1992-11-01,2064,0.812545706,0.812545706,6.154,2.5332,717.71,1.607,6.516,1.953506544,3.01,381.5,1.287,1.465845793,3.11,0.0039,,
1992-10-01,2045,0.785916378,0.785916378,5.92,2.508,710.72,1.58,6.283,1.905487805,2.954,376,1.2382,1.438848921,3.12,0.003,,
1992-09-01,2033,0.721656924,0.721656924,5.4615,2.4935,693.25,1.475,5.734,1.859427296,2.813,381,1.245,1.400756408,3.11,0.0025,,
1992-08-01,2031,0.694107031,0.694107031,5.4295,2.4925,693.25,1.29,5.5575,1.85528757,2.737,386,1.1944,1.399580126,3.07,0.002,,
1992-07-01,2030,0.723431961,0.723431961,5.673,2.5,682.83,1.234,5.807,1.834189288,2.763,365.5,1.1834,1.344447432,3.11,0.0016,,
1992-06-01,2030,0.743936914,0.743936914,5.8545,2.504,682.83,1.185,5.9655,1.836547291,2.77,359,1.1985,1.336898396,3.12,0.0013,,
1992-05-01,2031,0.78235018,0.78235018,6.187,2.509,673.85,1.129,6.2635,1.867762421,2.831,351,1.2028,1.321877065,3.11,0.0011,,
1992-04-01,2019,0.803083842,0.803083842,6.374,2.521,662.62,1.045,6.47,1.860811314,2.873,352,1.191,1.322751323,3.08,0.0009,,
1992-03-01,2014,0.804764204,0.804764204,6.373,2.58,668.24,0.948,6.4485,1.834189288,2.8755,355,1.1889,1.300052002,3.06,0.0007,,
1992-02-01,2006,0.801153661,0.801153661,6.352,2.5849,651.39,0.953,6.41,1.831501832,2.841,350.5,1.1819,1.329433661,3.06,0.0006,,
1992-01-01,2001,0.788519161,0.788519161,6.2425,2.624,682.83,0.975,6.3185,1.851851852,2.794,353,1.1744,1.332800213,3.06,0.0005,,
1991-12-01,1989,0.74811102,0.74811102,5.905,2.7235,673.85,0.98,5.97,1.85013876,2.74,378,1.1553,1.319261214,3.07,0.0004,,
1991-11-01,1981,0.797130331,0.797130331,6.3075,2.7505,699.43,1.022,6.4,1.7809439,2.7985,368.5,1.134,1.275510204,3.06,0.0003,,
1991-10-01,1979,0.817193757,0.817193757,6.4855,2.7465,708.6,0.952,6.5505,1.794365692,2.8325,360,1.1225,1.282709082,3.07,0.0003,,
1991-09-01,1965,0.814531237,0.814531237,6.425,2.737,636.37,0.825,6.5155,1.764290755,2.804,360,1.132,1.252348153,3.06,0.0002,,
1991-08-01,1961,0.850918993,0.850918993,6.743,2.7855,636.37,0.793,6.8,1.740644038,2.873,354.5,1.1413,1.27388535,3.04,0.0002,,
1991-07-01,1956,0.849473327,0.849473327,6.7495,2.7857,659.3,0.798,6.808,1.75192712,2.8575,347.5,1.151,1.286504567,3.04,0.0001,,
1991-06-01,1951,0.880902044,0.880902044,6.9865,2.784,653.56,0.84,7.063,1.736714137,2.888,346.5,1.1413,1.304631442,3.02,0.0001,,
1991-05-01,1944,0.847314015,0.847314015,6.65,2.759,671.91,0.82,6.783,1.719394773,2.825,341.5,1.1443,1.314924392,3.01,0.0001,,
1991-04-01,1936,0.834515564,0.834515564,6.5725,2.75,665.03,0.702,6.71,1.696928559,2.78,338,1.1526,1.278118609,3,0.0001,,
1991-03-01,1929,0.825491167,0.825491167,6.566,2.765,665.03,0.55,6.677,1.705029838,2.73,345,1.1585,1.294498382,2.98,0.0001,,
1991-02-01,1917,0.743218135,0.743218135,5.86,2.7193,657.01,0.55,5.96,1.668335002,2.564,339.5,1.1495,1.272426517,2.97,0.0001,,
1991-01-01,1909,0.718029726,0.718029726,5.718,2.697,663.25,0.538,5.8,1.669727834,2.538,341,1.1627,1.278772379,2.96,0.0001,,
1990-12-01,1898,0.731796561,0.731796561,5.805,2.6995,652.1,,5.88,1.703577513,2.555,331.5,1.1595,1.295672454,2.95,,,
1990-11-01,1881,0.729501021,0.729501021,5.7595,2.702,637.47,,5.865,1.642036125,2.521,331.5,1.1647,1.292490629,2.94,,,
1990-10-01,1855,0.731261426,0.731261426,5.795,2.6998,625.04,,5.894,1.625487646,2.54,,1.1663,1.277139208,2.92,,,
1990-09-01,1847,0.760282825,0.760282825,5.9785,2.699,612.78,,6.0575,1.623376623,2.5665,,1.155,1.211827436,2.9,,,
1990-08-01,1846,0.760167237,0.760167237,6.0065,2.6858,605.11,,6.0899,1.626809826,2.5725,,1.1563,1.22895416,2.88,,,
1990-07-01,1837,0.766577233,0.766577233,6.075,2.6955,591.4,,6.1525,1.684919966,2.588,,1.1514,1.259128683,2.87,,,
1990-06-01,1832,0.809061489,0.809061489,6.3365,2.7101,577.69,,6.4035,1.700102006,2.662,,1.163,1.261034048,2.86,,,
1990-05-01,1823,0.825491167,0.825491167,6.445,2.701,565.96,,6.5025,1.735207357,2.665,,1.171,1.303101381,2.834,,,
1990-04-01,1816,0.820681165,0.820681165,6.3825,2.7145,551.58,,6.5225,1.739130435,2.6615,,1.1642,1.331026221,2.797,,,
1990-03-01,1809,0.829118647,0.829118647,6.4655,2.727,539.85,,6.565,1.724732666,2.6545,,1.1695,1.324854266,2.769,,,
1990-02-01,1802,0.832986256,0.832986256,6.51,2.705,526.22,,6.52,1.703577513,2.556,,1.1909,1.316135825,2.738,,,
1990-01-01,1796,0.827746048,0.827746048,6.508,2.697,513.01,,6.4975,1.666666667,2.5585,,1.187,1.297185108,2.711,,,
1989-12-01,1787,0.839419122,0.839419122,6.5885,2.696,499.44,,6.59,1.684919966,2.5525,,1.158,1.269035533,2.677,,,
1989-11-01,1782,0.875043752,0.875043752,6.906,2.7,488.31,,6.7975,1.696065129,2.604,,1.1639,1.277139208,2.649,,,
1989-10-01,1786,0.897988506,0.897988506,7.1595,2.6915,,,6.89,1.703287345,2.636,,1.1732,1.281886938,,,,
1989-09-01,1774,0.908100254,0.908100254,7.2966,2.6895,,,6.9047,1.696352841,2.6895,,1.1769,1.28915818,,,,
1989-08-01,1775,0.946163308,0.946163308,7.6325,2.695,,,7.1442,1.687194196,2.7677,,1.1785,1.309586171,,,,
1989-07-01,1765,0.898230486,0.898230486,7.2471,2.661,,,6.8417,1.700969553,2.6455,,1.1805,1.318391562,,,,
1989-06-01,1757,0.944465433,0.944465433,7.6012,2.702,,,7.1278,1.743679163,2.7779,,1.1964,1.322051824,,,,
1989-05-01,1759,0.95520107,0.95520107,7.7397,2.724,,,7.1643,1.711742554,2.7449,,1.2068,1.329610424,,,,
1989-04-01,1742,0.904731747,0.904731747,7.3144,2.6955,,,6.8261,1.626280696,2.5576,,1.1849,1.262148176,,,,
1989-03-01,1741,0.911078717,0.911078717,7.3778,2.754,,,6.8779,1.628399284,2.5576,,1.192,1.221299463,,,,
1989-02-01,1731,0.878271562,0.878271562,7.0984,2.735,,,6.6893,1.607975559,2.4799,,1.1969,1.246416552,,,,
1989-01-01,1729,0.898634076,0.898634076,7.2846,2.73,,,6.7559,1.664447403,2.4021,,1.1842,1.127904354,,,,
1988-12-01,1725,0.852224305,0.852224305,6.8383,2.71,,,6.5373,1.589825119,2.3726,,1.1914,1.171783454,,,,
1988-11-01,1716,0.833194468,0.833194468,6.667,2.677,,,6.4663,1.526251526,2.298,,1.186,1.139860937,,,,
1988-10-01,1713,0.862366333,0.862366333,6.8854,2.671,,,6.5999,1.600512164,2.4876,,1.2269,1.219660934,,,,
1988-09-01,1702,0.901469395,0.901469395,7.2004,2.687,,,6.9131,1.635322976,2.4954,,1.2161,1.277955272,,,,
1988-08-01,1694,0.904731747,0.904731747,7.2114,2.678,,,6.9235,1.652073352,2.4486,,1.2389,1.247660636,,,,
1988-07-01,1688,0.901631954,0.901631954,7.1327,2.637,,,6.7664,1.513088213,2.4389,,1.2107,1.248751249,,,,
1988-06-01,1683,0.874967189,0.874967189,6.8873,2.61,,,6.6346,1.477323091,2.3239,,1.2129,1.255808113,,,,
1988-05-01,1671,0.831946755,0.831946755,6.5889,2.589,,,6.2435,1.441337561,2.2363,,1.2329,1.241310824,,,,
1988-04-01,1667,0.808538163,0.808538163,6.4537,2.575,,,6.16,1.488095238,2.1529,,1.23,1.319957761,,,,
1988-03-01,1660,0.799041151,0.799041151,6.3598,2.5655,,,6.2449,1.533507131,2.1187,,1.2347,1.348254011,,,,
1988-02-01,1660,0.817795224,0.817795224,6.4438,2.584,,,6.3498,1.509661836,2.0934,,1.2582,1.392175971,,,,
1988-01-01,1660,0.814464897,0.814464897,6.4367,2.55,,,6.3697,1.506250941,1.9905,,1.2741,1.415027593,,,,
1987-12-01,1650,0.762601998,0.762601998,6.0874,2.489,,,6.2294,1.520912548,1.9324,,1.2984,1.384849744,,,,
1987-11-01,,0.795165394,0.795165394,6.3268,2.487,,,6.3843,1.543209877,1.9436,,1.3095,1.420051122,,,,
1987-10-01,,0.83948959,0.83948959,6.6753,2.5155,,,6.5747,1.677852349,2.0052,,1.3149,1.489425082,,,,
1987-09-01,,0.888178346,0.888178346,7.0871,2.5355,,,6.715,1.523693433,2.0816,,1.3109,1.411432604,,,,
1987-08-01,,0.878348704,0.878348704,6.9938,2.516,,,6.6556,1.650437366,2.0396,,1.3195,1.399972001,,,,
1987-07-01,,0.896619744,0.896619744,7.0568,2.5405,,,6.7869,1.765225066,2.073,,1.3269,1.43328078,,,,
1987-06-01,,0.881678716,0.881678716,6.9243,2.5285,,,6.7007,1.686625063,2.045,,1.3316,1.388503194,,,,
1987-05-01,,0.877116042,0.877116042,6.8483,2.499,,,6.7438,1.737921446,2.0206,,1.3375,1.402131239,,,,
1987-04-01,,0.863110651,0.863110651,6.7548,2.4765,,,6.714,1.719394773,2.004,,1.3374,1.420252805,,,,
1987-03-01,,0.871535646,0.871535646,6.8022,2.506,,,6.809,1.763357433,2.0202,,1.3047,1.417032733,,,,
1987-02-01,,0.884564352,0.884564352,6.8819,2.5165,,,6.9798,1.79243592,2.0768,,1.332,1.480823338,,,,
1987-01-01,,0.888888889,0.888888889,6.9217,2.5425,,,7.0345,1.84706317,2.079,,1.3402,1.517450683,,,,
1986-12-01,,0.931619154,0.931619154,7.2875,2.599,,,7.3755,1.885014138,2.183,,1.381,1.503081317,,,,
1986-11-01,,0.948766603,0.948766603,7.4575,2.602,,,7.5006,1.957713391,2.217,,1.3799,1.537515375,,,,
1986-10-01,,0.992358837,0.992358837,7.771,2.625,,,7.5091,1.972386588,2.286,,1.3894,1.560549313,,,,
1986-09-01,,0.974089227,0.974089227,7.661,2.6255,,,7.3634,2.048340844,2.225,,1.3871,1.592610288,,,,
1986-08-01,,0.968147933,0.968147933,7.7,2.605,,,7.3,2.055498458,2.554,,1.3858,1.642036125,,,,
1986-07-01,,0.990785693,0.990785693,7.906,2.623,,,7.419,1.921229587,2.558,,1.3797,1.678133915,,,,
1986-06-01,,1.017604559,1.017604559,8.155,2.626,,,7.5075,1.821493625,2.472,,1.379,1.484780995,,,,
1986-05-01,,1.081665765,1.081665765,8.6055,2.64,,,7.84,1.776198934,2.35,,1.3852,1.398992725,,,,
1986-04-01,,1.00623868,1.00623868,8.02,2.575,,,6.9575,1.711449598,2.055,,1.374,1.350074254,,,,
1986-03-01,,1.071352046,1.071352046,8.654,2.597,,,7.3,1.868460389,2.105,,1.3973,1.405283867,,,,
1986-02-01,,1.026272578,1.026272578,8.25,2.493,,,7.0325,1.912045889,1.982,,1.4205,1.43000143,,,,
1986-01-01,,1.099142669,1.099142669,8.825,2.4665,,,7.4575,1.867413632,2.283,,1.423,1.400952648,,,,
1985-12-01,,1.123343069,1.123343069,8.935,2.42,,,7.58,1.998001998,2.558,,1.3985,1.466705779,,,,
1985-11-01,,1.150350857,1.150350857,9.11,2.419,,,7.594,1.745200698,2.699,,1.384,1.457938475,,,,
1985-10-01,,1.19246363,1.19246363,9.506,2.444,,,7.8725,1.736111111,2.577,,1.3668,1.430615165,,,,
1985-09-01,,1.222045705,1.222045705,9.762,2.452,,,7.975,1.826484018,2.561,,1.371,1.424501425,,,,
1985-08-01,,1.275022313,1.275022313,10.2,2.476,,,8.255,1.843317972,2.774,,1.3659,1.42551675,,,,
1985-07-01,,1.271455817,1.271455817,10.0825,2.465,,,8.205,1.900057002,2.176,,1.354,1.383891503,,,,
1985-06-01,,1.360174102,1.360174102,10.875,2.4835,,,8.745,2.066115702,1.961,,1.3592,1.495886313,,,,
1985-05-01,,1.373815084,1.373815084,11,2.465,,,8.82,2.218770801,1.998,,1.3745,1.507840772,,,,
1985-04-01,,1.393922498,1.393922498,11.1875,2.475,,,8.9475,2.202643172,1.94,,1.367,1.55159038,,,,
1985-03-01,,1.387154945,1.387154945,11.02,2.51,,,8.89,2.159827214,1.905,,1.3675,1.428571429,,,,
1985-02-01,,1.495215311,1.495215311,11.96,2.583,,,9.6,2.249718785,2.028,,1.3835,1.408450704,,,,
1985-01-01,,1.412828483,1.412828483,11.2925,2.4925,,,9.16,2.127659574,1.978,,1.3272,1.228803146,,,,
1984-12-01,,1.405678943,1.405678943,11.285,2.429,,,9.09,2.103049422,1.984,,1.3217,1.212121212,,,,
1984-11-01,,1.383700014,1.383700014,11.186,2.4125,,,8.9735,2.05338809,1.857,,1.3242,1.166588894,,,,
1984-10-01,,1.358880283,1.358880283,10.9685,2.405,,,8.812,2.0487605,1.886,,1.315,1.176193837,,,,
1984-09-01,,1.369300288,1.369300288,11.1175,2.372,,,8.86,2.05338809,1.671,,1.3183,1.206272618,,,,
1984-08-01,,1.292657704,1.292657704,10.5125,2.3335,,,8.29,2.002002002,1.573,,1.2974,1.178133836,,,,
1984-07-01,,1.292156609,1.292156609,10.62,2.345,,,8.36,2.022244692,1.649,,1.3115,1.209921355,,,,
1984-06-01,,1.245330012,1.245330012,10.2025,2.319,,,7.986,1.577287066,1.36,,1.3199,1.160766106,,,,
1984-05-01,,1.222942399,1.222942399,10.049,2.313,,,7.7915,1.545356205,1.283,,1.2946,1.112347052,,,,
1984-04-01,,1.216841081,1.216841081,9.971,2.291,,,7.733,1.529051988,1.248,,1.2845,1.088139282,,,,
1984-03-01,,1.164958062,1.164958062,9.52,2.2915,,,7.51,1.506477855,1.237,,1.2776,1.068147832,,,,
1984-02-01,,1.166316772,1.166316772,9.535,2.3315,,,7.5025,1.501050736,1.198,,1.2519,1.059883413,,,,
1984-01-01,,1.256755058,1.256755058,10.215,2.3405,,,7.882,1.540120129,1.267,,1.2493,1.090274749,,,,
1983-12-01,,1.215657671,1.215657671,9.88,2.335,,,7.71,1.527883881,1.222,,1.2445,1.115448968,,,,
1983-11-01,,1.201201201,1.201201201,9.7575,2.344,,,7.4975,1.519756839,1.194,,1.2392,1.093254619,,,,
1983-10-01,,1.173020528,1.173020528,9.4865,2.347,,,7.386,1.511715797,1.168,,1.2326,1.09469075,,,,
1983-09-01,,1.17260788,1.17260788,9.5025,2.347,,,7.338,1.519756839,1.103,,1.2323,1.114702932,,,,
1983-08-01,,1.19345984,1.19345984,9.712,2.3585,,,7.495,1.542020046,1.125,,1.234,1.138692781,,,,
1983-07-01,,1.167678655,1.167678655,9.515,2.347,,,7.385,1.531393568,1.086,,1.234,1.136234519,,,,
1983-06-01,,1.122586439,1.122586439,9.1225,2.331,,,7.296,1.525553013,1.093,,1.2276,1.14246544,,,,
1983-05-01,,1.11135808,1.11135808,9.04,2.304,,,7.155,1.508750754,1.074,,1.23,1.134944955,,,,
1983-04-01,,1.083658431,1.083658431,8.77,2.311,,,7.118,1.516990291,1.088,,1.2262,1.153269519,,,,
1983-03-01,,1.070205479,1.070205479,8.625,2.293,,,7.22,1.53256705,1.095,,1.2341,1.157139551,,,,
1983-02-01,,1.049648368,1.049648368,8.67,2.275,,,7.1675,1.397624039,1.086,,1.229,1.047668937,,,,
1983-01-01,,1.055854714,1.055854714,8.655,2.277,,,7.19,1.386962552,1.07,,1.2367,1.033378113,,,,
1982-12-01,,1.02501025,1.02501025,8.38,2.3225,,,7.06,1.365187713,1.076,,1.2297,1.020408163,,,,
1982-11-01,,1.059546514,1.059546514,8.67,2.364,,,7.025,1.390820584,1.108,,1.2373,1.043950308,,,,
1982-10-01,,1.086130118,1.086130118,9.01,2.359,,,7.245,1.412429379,1.17,,1.2261,1.068604403,,,,
1982-09-01,,1.066098081,1.066098081,8.8475,2.3815,,,6.97,1.394700139,1.154,,1.2363,1.053185887,,,,
1982-08-01,,1.050309841,1.050309841,8.715,2.346,,,6.72,1.374948439,1.152,,1.2392,1.037129226,,,,
1982-07-01,,1.033164583,1.033164583,8.57,2.353,,,6.47,1.369863014,1.146,,1.2556,1.011122346,,,,
1982-06-01,,1.029548028,1.029548028,8.51,2.362,,,6.265,1.346801347,1.143,,1.2929,0.97837785,,,,
1982-05-01,,0.967211529,0.967211529,7.99,2.29,,,6.0235,1.313197636,1.081,,1.244,0.952108921,,,,
1982-04-01,,0.961538462,0.961538462,7.96,2.302,,,5.9725,1.295336788,1.045,,1.2197,0.942151875,,,,
1982-03-01,,0.991866693,0.991866693,8.228,2.339,,,6.106,1.307189542,1.053,,1.2305,0.952925481,,,,
1982-02-01,,0.968616815,0.968616815,7.9875,2.312,,,6.0235,1.27388535,0.981,,1.229,0.931532371,,,,
1982-01-01,,0.932140194,0.932140194,7.635,2.277,,,5.9075,1.246882793,0.971,,1.198,0.909918107,,,,
1981-12-01,,0.905305088,0.905305088,7.32,2.242,,,5.8025,1.215066829,0.9568,,1.1863,0.886839305,,,,
1981-11-01,,0.886996629,0.886996629,7.0862,2.2445,,,5.69,1.195457262,0.9582,,1.1766,0.867528412,,,,
1981-10-01,,0.904486252,0.904486252,7.2475,2.282,,,5.9535,1.218026797,0.9713,,1.203,0.880126738,,,,
1981-09-01,,0.911826388,0.911826388,7.305,2.321,,,5.9125,1.219512195,0.9519,,1.2069,0.874967189,,,,
1981-08-01,,0.959324635,0.959324635,7.6725,2.3625,,,6.075,1.207292044,0.9459,,1.202,0.870397772,,,,
1981-07-01,,0.960614793,0.960614793,7.7325,2.36,,,6.1275,1.208459215,0.9499,,1.2339,0.880669309,,,,
1981-06-01,,0.932922847,0.932922847,7.49,2.3182,,,6.0105,1.176470588,0.8827,,1.2006,0.87009484,,,,
1981-05-01,,0.907523369,0.907523369,7.31,2.3495,,,5.74,1.148237456,0.8467,,1.2037,0.877500878,,,,
1981-04-01,,0.860585198,0.860585198,6.9775,2.319,,,5.53,1.114827202,0.8177,,1.1962,0.86918731,,,,
1981-03-01,,0.81732734,0.81732734,6.6025,2.282,,,5.37,1.09229929,0.7997,,1.1873,0.856531049,,,,
1981-02-01,,0.825286787,0.825286787,6.6675,2.303,,,5.4625,1.086956522,0.7836,,1.2013,0.866701335,,,,
1981-01-01,,0.809782169,0.809782169,6.5087,2.239,,,5.452,1.053962901,0.7571,,1.1943,0.855871277,,,,
1980-12-01,,0.753295669,0.753295669,6.01,2.22,,,5.165,1.039717197,0.7446,,1.1945,0.846596681,,,,
1980-11-01,,0.740795614,0.740795614,5.9187,2.1905,,,5.048,1.044386423,0.7506,,1.1899,0.859032729,,,,
1980-10-01,,0.728119994,0.728119994,5.8565,2.147,,,4.9635,1.025115325,0.7499,,1.1753,0.852733009,,,,
1980-09-01,,0.697301443,0.697301443,5.587,2.131,,,4.867,1.019887812,0.7532,,1.1705,0.853970965,,,,
1980-08-01,,0.691323885,0.691323885,5.5635,2.143,,,4.843,1.019471914,0.7579,,1.1576,0.857927248,,,,
1980-07-01,,0.684697022,0.684697022,5.5312,2.16,,,4.8865,1.025851457,0.7626,,1.1619,0.868281671,,,,
1980-06-01,,0.678380028,0.678380028,5.4482,2.142,,,4.8407,1.013171226,0.7693,,1.1512,0.864902266,,,,
1980-05-01,,0.682780281,0.682780281,5.53,2.165,,,4.859,1.017293998,0.7832,,1.1588,0.872524213,,,,
1980-04-01,,0.693192846,0.693192846,5.6385,2.231,,,4.9355,1.034661148,0.8008,,1.1881,0.897263347,,,,
1980-03-01,,0.741179958,0.741179958,6.028,2.2835,,,5.177,1.063264221,0.8098,,1.1915,0.924470741,,,,
1980-02-01,,0.680781537,0.680781537,5.5212,2.1855,,,4.9117,1.030927835,0.807,,1.145,0.911660133,,,,
1980-01-01,,0.669120107,0.669120107,5.4475,2.184,,,4.8665,1.016776817,0.8173,,1.1585,0.903260771,,,,
1979-12-01,,0.663086002,0.663086002,5.3742,2.188,,,4.9275,1.017293998,0.8294,,1.1684,0.903668896,,,,
1979-11-01,,0.668002672,0.668002672,5.3475,2.192,,,4.9705,1.02406554,0.8292,,1.1706,0.913408842,,,,
1979-10-01,,0.690703136,0.690703136,5.319,2.19,,,5.0127,1.035196687,0.8271,,1.1845,0.910332271,,,,
1979-09-01,,0.668806849,0.668806849,5.097,2.1495,,,4.8815,0.996512207,0.8243,,1.1606,0.885975016,,,,
1979-08-01,,0.693288963,0.693288963,5.2682,2.158,,,5.0322,0.988630746,0.8348,,1.1663,0.886367665,,,,
1979-07-01,,0.695991091,0.695991091,5.2887,2.1625,,,5.0485,0.985221675,0.8382,,1.1697,0.88542589,,,,
1979-06-01,,0.699692135,0.699692135,5.3097,2.174,,,5.0987,0.991375037,0.8439,,1.168,0.892538379,,,,
1979-05-01,,0.721292556,0.721292556,5.485,2.2215,,,5.187,0.959232614,0.8422,,1.1608,0.903913947,,,,
1979-04-01,,0.715512307,0.715512307,5.3122,2.23,,,5.1675,0.957854406,0.8484,,1.1422,0.907029478,,,,
1979-03-01,,0.706314451,0.706314451,5.191,2.205,,,5.1072,0.947867299,0.8444,,1.1606,0.894294402,,,,
1979-02-01,,0.702592567,0.702592567,5.1905,2.191,,,5.08,0.947687642,0.845,,1.1937,0.886367665,,,,
1979-01-01,,0.707313623,0.707313623,5.1625,2.2125,,,5.13,0.949667616,0.8714,,1.2004,0.882924245,,,,
1978-12-01,,0.691802145,0.691802145,5.0875,2.2017,,,5.011,0.939761301,0.8649,,1.1867,0.869565217,,,,
1978-11-01,,0.726480203,0.726480203,5.3412,2.208,,,5.1145,0.956022945,0.8733,,1.1718,0.881290209,,,,
1978-10-01,,0.661506913,0.661506913,4.8025,2.1249,,,4.6692,0.910332271,0.8732,,1.1671,0.843028157,,,,
1978-09-01,,0.722021661,0.722021661,5.3565,2.2815,,,5.1437,0.943040362,0.8668,,1.1836,0.864378944,,,,
1978-08-01,,0.736105999,0.736105999,5.5125,2.2999,,,5.231,0.952380952,0.8687,,1.1513,0.868734254,,,,
1978-07-01,,0.749906262,0.749906262,5.5512,2.325,,,5.3457,0.951022349,0.8707,,1.1315,0.863408738,,,,
1978-06-01,,0.763883584,0.763883584,5.6362,2.3663,,,5.405,0.970873786,0.8693,,1.1247,0.871535646,,,,
1978-05-01,,0.77309625,0.77309625,5.6375,2.3912,,,5.421,0.989119683,0.8656,,1.1231,0.884799151,,,,
1978-04-01,,0.767695378,0.767695378,5.6475,2.3906,,,5.4025,0.985221675,0.8688,,1.1312,0.880126738,,,,
1978-03-01,,0.750581701,0.750581701,5.56,2.3618,,,5.305,0.980392157,0.8661,,1.1322,0.876731545,,,,
1978-02-01,,0.761324705,0.761324705,5.5787,2.3579,,,5.289,0.978473581,0.8701,,1.115,0.879894413,,,,
1978-01-01,,0.777423618,0.777423618,5.7075,2.3641,,,5.122,0.977517107,0.8676,,1.1078,0.878580214,,,,
1977-12-01,,0.775674837,0.775674837,5.7725,2.3685,,,5.1445,0.984251969,0.87,,1.0946,0.876117049,,,,
1977-11-01,,0.811424862,0.811424862,6.151,2.3861,,,5.4062,1.005530417,0.8701,,1.1078,0.886996629,,,,
1977-10-01,,0.815394651,0.815394651,6.082,2.401,,,5.4515,1.005025126,0.8674,,1.1083,0.886524823,,,,
1977-09-01,,0.82822594,0.82822594,6.15,2.4637,,,5.5017,1.030927835,0.8683,,1.0737,0.902771509,,,,
1977-08-01,,0.82877507,0.82877507,6.192,2.4691,,,5.4615,1.033057851,0.8694,,1.0748,0.904895485,,,,
1977-07-01,,0.824130542,0.824130542,6.0075,2.457,,,5.2875,1.026694045,0.8696,,1.0689,0.890868597,,,,
1977-06-01,,0.823519723,0.823519723,6.03,2.4876,,,5.3237,1.034661148,0.8695,,1.0599,0.896539358,,,,
1977-05-01,,0.825968448,0.825968448,6.01,2.4832,,,5.2622,1.041666667,0.8689,,1.0513,0.905879156,,,,
1977-04-01,,0.825218683,0.825218683,5.953,2.4839,,,5.265,1.042209484,0.8699,,1.0476,0.905387053,,,,
1977-03-01,,0.832292967,0.832292967,5.8487,2.4845,,,5.238,1.041666667,0.8684,,1.0571,0.906536125,,,,
1977-02-01,,0.831117021,0.831117021,5.881,2.495,,,5.2565,1.047120419,0.8682,,1.0465,0.911826388,,,,
1977-01-01,,0.834376304,0.834376304,5.9075,2.5056,,,5.3065,1.051524711,0.8696,,1.02,0.919963201,,,,
1976-12-01,,0.821625175,0.821625175,5.7875,2.5368,,,5.173,1.058201058,0.8698,,1.0094,0.919709372,,,,
1976-11-01,,0.830771787,0.830771787,5.8827,2.5323,,,5.2375,1.109508488,0.8685,,1.0354,0.987751877,,,,
1976-10-01,,0.830633774,0.830633774,5.887,2.5336,,,5.284,1.052631579,0.8814,,0.9722,0.815993472,,,,
1976-09-01,,0.834515564,0.834515564,5.865,2.5208,,,5.3122,1.029972191,0.868,,0.9732,0.808080808,,,,
1976-08-01,,0.847673137,0.847673137,6.0567,2.5138,,,5.5052,1.00310964,0.868,,0.9815,0.80237503,,,,
1976-07-01,,0.851208716,0.851208716,6.1217,2.4863,,,5.5352,1.003009027,0.8688,,0.9752,0.805996615,,,,
1976-06-01,,0.850629466,0.850629466,6.1512,2.5439,,,5.5607,1.012760786,0.8688,,0.9688,0.809323406,,,,
1976-05-01,,0.853315129,0.853315129,6.1325,2.5641,,,5.5325,1.017811705,0.8701,,0.98,0.813272609,,,,
1976-04-01,,0.847601288,0.847601288,6.0187,2.5543,,,5.484,1.00050025,0.8715,,0.9789,0.807102502,,,,
1976-03-01,,0.839912649,0.839912649,6.0762,2.5543,,,5.574,0.982318271,0.8697,,0.9843,0.800897005,,,,
1976-02-01,,0.824606251,0.824606251,6.1665,2.5589,,,5.5442,0.959232614,0.8706,,0.9848,0.793210121,,,,
1976-01-01,,0.817795224,0.817795224,6.158,2.5727,,,5.5532,0.959877136,0.8701,,1.0011,0.794407372,,,,
1975-12-01,,0.809323406,0.809323406,6.1737,2.5907,,,5.5845,0.962927299,0.8693,,1.0168,0.79541839,,,,
1975-11-01,,0.809978941,0.809978941,6.085,2.586,,,5.5562,0.961076406,0.8688,,1.0108,0.794028903,,,,
1975-10-01,,0.79138968,0.79138968,5.9587,2.551,,,5.458,0.949667616,0.8672,,1.0175,0.786782061,,,,
1975-09-01,,0.81679327,0.81679327,6.2395,2.594,,,5.692,0.960614793,0.8684,,1.0252,0.796178344,,,,
1975-08-01,,0.794786203,0.794786203,5.9735,2.5151,,,5.5325,0.941619586,0.7143,,1.0324,0.781616383,,,,
1975-07-01,,0.791327055,0.791327055,5.9401,2.5019,,,5.4285,0.79151496,0.7138,,1.0318,0.770594128,,,,
1975-06-01,,0.734106592,0.734106592,5.462,2.3105,,,4.9395,0.774893452,0.7145,,1.0306,0.754318473,,,,
1975-05-01,,0.729501021,0.729501021,5.4155,2.263,,,4.9312,0.759589821,0.6783,,1.0228,0.744490768,,,,
1975-04-01,,0.739426205,0.739426205,5.4705,2.2763,,,5.0125,0.756372438,0.6811,,1.0194,0.745712155,,,,
1975-03-01,,0.737408746,0.737408746,5.4477,2.2619,,,4.925,0.747384155,0.6732,,1.0035,0.738716111,,,,
1975-02-01,,0.722178089,0.722178089,5.4125,2.2297,,,4.8975,0.741619697,0.6715,,0.9982,0.731689471,,,,
1975-01-01,,0.742280285,0.742280285,5.57,2.2988,,,5.0475,0.755287009,0.68,,0.9995,0.747216618,,,,
1974-12-01,,,,5.6402,2.3121,,,5.2165,0.763067531,0.692,,0.9914,0.755001888,,,,
1974-11-01,,,,5.8038,2.3474,,,5.3706,0.766283525,0.6909,,0.9874,0.761035008,,,,
1974-10-01,,,,5.9559,2.401,,,5.5096,0.769526741,0.7005,,0.9846,0.764525994,,,,
1974-09-01,,,,6.1237,2.4225,,,5.5371,0.770416025,0.7005,,0.9859,0.763358779,,,,
1974-08-01,,,,6.1387,2.4125,,,5.5617,0.701754386,0.6944,,0.9877,0.675675676,,,,
1974-07-01,,,,5.9595,2.4184,,,5.4054,0.687285223,0.6678,,0.9792,0.674536256,,,,
1974-06-01,,,,6.006,2.4125,,,5.4437,0.692041522,0.668,,0.9723,0.673400673,,,,
1974-05-01,,,,5.9207,2.3923,,,5.4526,0.689655172,0.6725,,0.9622,0.674536256,,,,
1974-04-01,,,,5.8928,2.3585,,,5.3447,0.686106346,0.6711,,0.9606,0.673400673,,,,
1974-03-01,,,,6.0938,2.3809,,,5.4201,0.692041522,0.6711,,0.9728,0.673400673,,,,
1974-02-01,,,,6.2775,2.4691,,,5.6883,0.701754386,0.6723,,0.9685,0.672268908,,,,
1974-01-01,,,,6.5789,2.4752,,,5.9172,0.727272727,0.6723,,0.9882,0.673400673,,,,
1973-12-01,,,,6.2933,2.454,,,5.7307,0.702987698,0.6734,,0.996,0.674536256,,,,
1973-11-01,,,,6.135,2.4213,,,5.5928,0.679117148,0.6723,,1.0002,0.674763833,,,,
1973-10-01,,,,5.7045,2.2727,,,5.534,0.67114094,0.6723,,0.999,0.675675676,,,,
1973-09-01,,,,5.7372,2.3065,,,5.534,0.675675676,0.6734,,1.0058,0.675675676,,,,
1973-08-01,,,,5.7904,2.3041,,,5.5928,0.740740741,0.6734,,1.0056,0.706214689,,,,
1973-07-01,,,,5.5188,2.2523,,,5.3333,0.740740741,0.6723,,1.0015,0.704225352,,,,
1973-06-01,,,,5.6657,2.3809,,,5.291,0.757288906,0.6716,,0.9985,0.706464147,,,,
1973-05-01,,,,6.0205,2.4826,,,5.6593,0.757174226,0.7065,,0.9951,0.706713781,,,,
1973-04-01,,,,6.2441,2.4783,,,5.9382,0.74906367,0.7018,,1.0032,0.706713781,,,,
1973-03-01,,,,6.2035,2.4845,,,5.9032,0.753295669,0.7065,,0.9991,0.706713781,,,,
1973-02-01,,,,6.1767,2.5253,,,5.9773,0.757116899,0.7143,,0.9942,0.709219858,,,,
1973-01-01,,,,6.8376,2.809,,,6.5327,0.836820084,0.7837,,1.0009,0.786782061,,,,
1972-12-01,,,,6.8435,2.8249,,,6.6412,0.836820084,0.7837,,0.9956,0.785422557,,,,
1972-11-01,,,,6.8681,2.7701,,,6.5746,0.836820084,0.7849,,0.9945,0.839630563,,,,
1972-10-01,,,,6.9144,2.7701,,,6.6423,0.837520938,0.7837,,0.9832,0.839630563,,,,
1972-09-01,,,,7.2307,2.7701,,,6.6203,0.837520938,0.8,,0.9835,0.839630563,,,,
1972-08-01,,,,6.8918,2.7701,,,6.5424,0.836820084,0.8,,0.9832,0.839630563,,,,
1972-07-01,,,,6.9553,2.7816,,,6.5274,0.836820084,0.7994,,0.9834,0.839630563,,,,
1972-06-01,,,,6.9469,2.8369,,,6.5147,0.840336134,0.7813,,0.9856,0.839630563,,,,
1972-05-01,,,,6.9324,2.8129,,,6.5274,0.836820084,0.7463,,0.9812,0.839630563,,,,
1972-04-01,,,,6.9955,2.8217,,,6.6028,0.838574423,0.7505,,0.9924,0.839630563,,,,
1972-03-01,,,,6.9686,2.8249,,,6.6007,0.834724541,0.7468,,0.9977,0.839630563,,,,
1972-02-01,,,,6.9857,2.8409,,,6.6269,0.836820084,0.7505,,1.0012,0.839630563,,,,
1972-01-01,,,,7.0028,2.8506,,,6.6912,0.836820084,0.7547,,1.0056,0.839630563,,,,
1971-12-01,,,,7.0665,2.8998,,,6.7069,0.839419122,0.767,,1.0024,0.841255153,,,,
1971-11-01,,,,7.2227,2.9637,,,6.8376,0.861846074,0.7135,,1.0036,0.862738331,,,,
1971-10-01,,,,7.2576,2.9753,,,6.8538,0.862663906,0.7131,,1.0036,0.863557858,,,,
1971-09-01,,,,7.28,2.9766,,,6.8672,0.865051903,0.7111,,1.0093,0.865875833,,,,
1971-08-01,,,,7.3505,3.0531,,,6.9143,0.875886835,0.7012,,1.0142,0.876731545,,,,
1971-07-01,,,,7.4993,3.0553,,,7.1066,0.888730892,0.7115,,1.0188,0.889600569,,,,
1971-06-01,,,,7.496,3.0548,,,7.1048,0.888257239,0.7112,,1.0235,0.889205051,,,,
1971-05-01,,,,7.4946,3.06,,,7.1115,0.888888889,0.7117,,1.0101,0.889838049,,,,
1971-04-01,,,,7.496,3.0653,,,7.1312,0.888336146,0.7113,,1.0091,0.889284126,,,,
1971-03-01,,,,7.4764,3.0678,,,7.1314,0.889284126,0.712,,1.0081,0.890154887,,,,
1971-02-01,,,,7.4834,3.0662,,,7.142,0.889600569,0.7122,,1.007,0.89047195,,,,
1971-01-01,,,,7.4868,3.0647,,,7.1445,0.889046942,0.7118,,1.008,0.88999644,,,,
